number,value,datetime_start,datetime_complete,duration,params_mirror_pos_x,params_mirror_pos_y,params_param_swing_speed,state
0,0.0,2026-01-12 20:33:44.967104,2026-01-12 20:33:44.982915,0 days 00:00:00.015811,19.867612876482774,62.338823130231546,9.983579954333523,COMPLETE
1,0.0,2026-01-12 20:33:44.983913,2026-01-12 20:33:44.995511,0 days 00:00:00.011598,28.58393081324094,47.89534954017337,9.242222549137315,COMPLETE
2,0.0,2026-01-12 20:33:44.995511,2026-01-12 20:33:45.000511,0 days 00:00:00.005000,21.21154621531428,47.449574173212696,0.9087687599330252,COMPLETE
3,0.0,2026-01-12 20:33:45.000511,2026-01-12 20:33:45.006512,0 days 00:00:00.006001,-17.057365893097874,98.97491051126383,11.859016239545179,COMPLETE
4,0.0,2026-01-12 20:33:45.006512,2026-01-12 20:33:45.016513,0 days 00:00:00.010001,-1.6424882467028752,49.68106479224232,1.6279968932329187,COMPLETE
5,0.0,2026-01-12 20:33:45.017513,2026-01-12 20:33:45.022775,0 days 00:00:00.005262,52.083488668517774,45.45059818141683,9.857973780452461,COMPLETE
6,0.0,2026-01-12 20:33:45.022775,2026-01-12 20:33:45.033222,0 days 00:00:00.010447,7.380690270220196,77.8441371538674,8.580527550808082,COMPLETE
7,0.0,2026-01-12 20:33:45.033222,2026-01-12 20:33:45.040634,0 days 00:00:00.007412,8.611403389704869,32.08802801180996,6.385970915796245,COMPLETE
8,0.0,2026-01-12 20:33:45.040634,2026-01-12 20:33:45.051802,0 days 00:00:00.011168,-0.6997851653941751,80.39562384027093,1.9185726094214473,COMPLETE
9,0.0,2026-01-12 20:33:45.051802,2026-01-12 20:33:45.063233,0 days 00:00:00.011431,-18.848288508661383,41.01875361410981,3.5513711154719187,COMPLETE
10,0.0,2026-01-12 20:33:45.063233,2026-01-12 20:33:45.073669,0 days 00:00:00.010436,32.307918302878285,24.273129838493354,11.898469918386091,COMPLETE
11,0.0,2026-01-12 20:33:45.074668,2026-01-12 20:33:45.079772,0 days 00:00:00.005104,12.6722811110414,49.46532461050629,11.628413581516876,COMPLETE
12,0.0,2026-01-12 20:33:45.079772,2026-01-12 20:33:45.084773,0 days 00:00:00.005001,42.34705928908434,1.4538536166857563,0.7968056091456804,COMPLETE
13,0.0,2026-01-12 20:33:45.084773,2026-01-12 20:33:45.090774,0 days 00:00:00.006001,55.14422962991405,68.10454487592376,14.986915810060257,COMPLETE
14,0.0,2026-01-12 20:33:45.090774,2026-01-12 20:33:45.095774,0 days 00:00:00.005000,50.3009096036361,40.41030172115184,11.452823638414838,COMPLETE
15,0.0,2026-01-12 20:33:45.095774,2026-01-12 20:33:45.101807,0 days 00:00:00.006033,-14.09221451430029,2.0407660215496337,2.6988897821134317,COMPLETE
16,0.0,2026-01-12 20:33:45.101807,2026-01-12 20:33:45.107057,0 days 00:00:00.005250,23.579969114459317,30.39386501535251,2.0238778643360362,COMPLETE
17,0.0,2026-01-12 20:33:45.108066,2026-01-12 20:33:45.117312,0 days 00:00:00.009246,11.896944338334599,87.35029572746514,14.92690951132328,COMPLETE
18,0.0,2026-01-12 20:33:45.118314,2026-01-12 20:33:45.128314,0 days 00:00:00.010000,-18.244167445060846,60.62189098694697,2.282410121922265,COMPLETE
19,0.0,2026-01-12 20:33:45.129314,2026-01-12 20:33:45.139431,0 days 00:00:00.010117,52.43101400654206,51.464830208386616,5.292288274998752,COMPLETE
20,0.0,2026-01-12 20:33:45.140431,2026-01-12 20:33:45.150535,0 days 00:00:00.010104,48.524909761016886,115.58698757217573,9.229301113030374,COMPLETE
21,0.0,2026-01-12 20:33:45.151536,2026-01-12 20:33:45.156940,0 days 00:00:00.005404,26.35804959930202,97.94913411149827,8.21066829808718,COMPLETE
22,0.0,2026-01-12 20:33:45.156940,2026-01-12 20:33:45.161940,0 days 00:00:00.005000,50.089973702454074,104.26365150695439,6.33927599218758,COMPLETE
23,0.0,2026-01-12 20:33:45.161940,2026-01-12 20:33:45.166948,0 days 00:00:00.005008,20.15734387727121,37.02440268425895,6.546114183947026,COMPLETE
24,0.0,2026-01-12 20:33:45.166948,2026-01-12 20:33:45.178455,0 days 00:00:00.011507,34.59505987785831,66.20252412528353,4.542999158294975,COMPLETE
25,0.0,2026-01-12 20:33:45.178455,2026-01-12 20:33:45.183456,0 days 00:00:00.005001,14.89363329066093,80.56835657326005,6.969767803098986,COMPLETE
26,0.0,2026-01-12 20:33:45.183456,2026-01-12 20:33:45.194828,0 days 00:00:00.011372,49.69845046224535,56.67378865925597,12.86989363887596,COMPLETE
27,0.0,2026-01-12 20:33:45.194828,2026-01-12 20:33:45.199193,0 days 00:00:00.004365,2.931340565675793,35.636539907887574,12.608627748205155,COMPLETE
28,0.0,2026-01-12 20:33:45.200195,2026-01-12 20:33:45.205769,0 days 00:00:00.005574,-8.9606969622431,2.1736866397906995,10.862999520794666,COMPLETE
29,0.0,2026-01-12 20:33:45.206770,2026-01-12 20:33:45.211768,0 days 00:00:00.004998,-14.430165366033751,104.96161294613368,1.4265381301930207,COMPLETE
30,0.0,2026-01-12 20:33:45.211768,2026-01-12 20:33:45.213138,0 days 00:00:00.001370,-11.67871548741827,18.746876153561168,13.314310125139786,COMPLETE
31,0.0,2026-01-12 20:33:45.213138,2026-01-12 20:33:45.218330,0 days 00:00:00.005192,56.02487605568973,25.26289826079006,4.6720142661891915,COMPLETE
32,0.0,2026-01-12 20:33:45.218330,2026-01-12 20:33:45.227735,0 days 00:00:00.009405,36.023052883394485,95.8686894122758,2.826329286048783,COMPLETE
33,0.0,2026-01-12 20:33:45.227735,2026-01-12 20:33:45.232868,0 days 00:00:00.005133,14.994031052745918,70.4857593215655,12.574996303093805,COMPLETE
34,0.0,2026-01-12 20:33:45.232868,2026-01-12 20:33:45.243842,0 days 00:00:00.010974,27.5664052897922,52.128728518169204,4.960685901016469,COMPLETE
35,0.0,2026-01-12 20:33:45.243842,2026-01-12 20:33:45.243842,0 days 00:00:00,-16.992898274756225,69.82954242678443,10.095800470652016,COMPLETE
36,0.0,2026-01-12 20:33:45.243842,2026-01-12 20:33:45.250670,0 days 00:00:00.006828,-2.663437515790534,58.14071142231211,14.555105949116573,COMPLETE
37,0.0,2026-01-12 20:33:45.250670,2026-01-12 20:33:45.261656,0 days 00:00:00.010986,51.55153442071415,64.55281169358673,12.452468138448396,COMPLETE
38,0.0,2026-01-12 20:33:45.261656,2026-01-12 20:33:45.276057,0 days 00:00:00.014401,-10.326817352690227,62.58246058515634,7.426707309482619,COMPLETE
39,0.0,2026-01-12 20:33:45.276057,2026-01-12 20:33:45.285855,0 days 00:00:00.009798,50.84858701046397,109.59499544176016,6.224014759149004,COMPLETE
40,0.0,2026-01-12 20:33:45.285855,2026-01-12 20:33:45.292062,0 days 00:00:00.006207,5.65461849561774,105.63004172184029,7.426380408775062,COMPLETE
41,0.0,2026-01-12 20:33:45.292062,2026-01-12 20:33:45.294317,0 days 00:00:00.002255,15.345506347467087,52.55786578806452,8.502618702235216,COMPLETE
42,0.0,2026-01-12 20:33:45.294317,2026-01-12 20:33:45.299682,0 days 00:00:00.005365,8.351807481694173,28.74083267883469,1.179867629761353,COMPLETE
43,0.0,2026-01-12 20:33:45.299682,2026-01-12 20:33:45.313395,0 days 00:00:00.013713,-16.47294143435503,57.51224258302811,5.371618925270423,COMPLETE
44,0.0,2026-01-12 20:33:45.313395,2026-01-12 20:33:45.316037,0 days 00:00:00.002642,14.73108190671367,52.00832491109688,12.42273210950721,COMPLETE
45,0.0,2026-01-12 20:33:45.316037,2026-01-12 20:33:45.327326,0 days 00:00:00.011289,-4.392470016211334,42.383192617469255,7.810384931047789,COMPLETE
46,0.0,2026-01-12 20:33:45.327326,2026-01-12 20:33:45.335557,0 days 00:00:00.008231,-14.035184571764194,93.03871206712081,0.6645656981600606,COMPLETE
47,0.0,2026-01-12 20:33:45.335557,2026-01-12 20:33:45.343992,0 days 00:00:00.008435,34.306954279450075,117.11655635694243,5.715046650038429,COMPLETE
48,0.0,2026-01-12 20:33:45.343992,2026-01-12 20:33:45.353893,0 days 00:00:00.009901,30.361864574678144,1.5867141501805637,8.361448514340056,COMPLETE
49,0.0,2026-01-12 20:33:45.353893,2026-01-12 20:33:45.363962,0 days 00:00:00.010069,27.590331042583585,106.12999492264525,6.39518099578068,COMPLETE
50,0.0,2026-01-12 20:33:45.363962,2026-01-12 20:33:45.377005,0 days 00:00:00.013043,42.00996110416594,75.5934597847334,9.519875910187075,COMPLETE
51,0.0,2026-01-12 20:33:45.377005,2026-01-12 20:33:45.387125,0 days 00:00:00.010120,23.716274628647337,43.028930091817465,10.279670533154356,COMPLETE
52,0.0,2026-01-12 20:33:45.387125,2026-01-12 20:33:45.396618,0 days 00:00:00.009493,42.69421534753616,44.390214516123514,0.10196469853427703,COMPLETE
53,0.0,2026-01-12 20:33:45.396618,2026-01-12 20:33:45.411516,0 days 00:00:00.014898,59.96732375878243,46.95806514131094,9.232692551867164,COMPLETE
54,0.0,2026-01-12 20:33:45.411516,2026-01-12 20:33:45.420489,0 days 00:00:00.008973,-6.388311535416118,37.632780282227344,11.1144816059525,COMPLETE
55,0.0,2026-01-12 20:33:45.420489,2026-01-12 20:33:45.441256,0 days 00:00:00.020767,19.9811734479511,17.65502751410387,10.24969551603769,COMPLETE
56,0.0,2026-01-12 20:33:45.441256,2026-01-12 20:33:45.457650,0 days 00:00:00.016394,1.453654925080194,48.17697077940136,3.842105133732598,COMPLETE
57,0.0,2026-01-12 20:33:45.457650,2026-01-12 20:33:45.470535,0 days 00:00:00.012885,38.67352839540833,32.83894311044388,11.925403897045712,COMPLETE
58,0.0,2026-01-12 20:33:45.470535,2026-01-12 20:33:45.470535,0 days 00:00:00,20.265798740873,86.0129969780358,9.780444293193975,COMPLETE
59,0.0,2026-01-12 20:33:45.481198,2026-01-12 20:33:45.494124,0 days 00:00:00.012926,45.39361336944385,74.87247235819443,9.022524169288637,COMPLETE
60,0.0,2026-01-12 20:33:45.494124,2026-01-12 20:33:45.508659,0 days 00:00:00.014535,9.871275453232581,55.13540944917887,10.662049537287881,COMPLETE
61,0.0,2026-01-12 20:33:45.508659,2026-01-12 20:33:45.518767,0 days 00:00:00.010108,3.798392364751564,39.73271425639085,11.464841696325385,COMPLETE
62,0.0,2026-01-12 20:33:45.518767,2026-01-12 20:33:45.530649,0 days 00:00:00.011882,7.620151810645883,82.34678716079696,8.689885825081143,COMPLETE
63,0.0,2026-01-12 20:33:45.530649,2026-01-12 20:33:45.545190,0 days 00:00:00.014541,0.013224999166776996,47.77691197341685,1.6225661152543875,COMPLETE
64,0.0,2026-01-12 20:33:45.545190,2026-01-12 20:33:45.564530,0 days 00:00:00.019340,11.627817826498184,61.140327458982654,3.479061237483526,COMPLETE
65,0.0,2026-01-12 20:33:45.564530,2026-01-12 20:33:45.566706,0 days 00:00:00.002176,17.967417030512685,73.55964344825159,2.300956662650411,COMPLETE
66,0.0,2026-01-12 20:33:45.566706,2026-01-12 20:33:45.577569,0 days 00:00:00.010863,24.166395164358292,93.13389238523801,13.613241774057697,COMPLETE
67,0.0,2026-01-12 20:33:45.577569,2026-01-12 20:33:45.593449,0 days 00:00:00.015880,-1.909921206150635,65.46367457989112,7.885584185317616,COMPLETE
68,0.0,2026-01-12 20:33:45.593449,2026-01-12 20:33:45.608069,0 days 00:00:00.014620,-19.84407045480235,55.69160629791658,9.716240182786384,COMPLETE
69,0.0,2026-01-12 20:33:45.608069,2026-01-12 20:33:45.623773,0 days 00:00:00.015704,30.29610110592062,45.8981875753203,10.67010592363633,COMPLETE
70,0.0,2026-01-12 20:33:45.623773,2026-01-12 20:33:45.636774,0 days 00:00:00.013001,18.007256470769597,68.78776329468137,11.940577293731224,COMPLETE
71,0.0,2026-01-12 20:33:45.636774,2026-01-12 20:33:45.639795,0 days 00:00:00.003021,6.450310278096013,33.65315935616965,8.95846650990747,COMPLETE
72,0.0,2026-01-12 20:33:45.639795,2026-01-12 20:33:45.658596,0 days 00:00:00.018801,-8.039716444419094,27.004930267196464,0.4410451761336832,COMPLETE
73,0.0,2026-01-12 20:33:45.658596,2026-01-12 20:33:45.673341,0 days 00:00:00.014745,11.64392543648485,100.28178207958133,7.174818512274081,COMPLETE
74,0.0,2026-01-12 20:33:45.673341,2026-01-12 20:33:45.692237,0 days 00:00:00.018896,3.8969804848379823,14.833854313390603,0.9714666669659255,COMPLETE
75,0.0,2026-01-12 20:33:45.692237,2026-01-12 20:33:45.702950,0 days 00:00:00.010713,21.05122511288105,41.47547950402698,8.075693542324698,COMPLETE
76,0.0,2026-01-12 20:33:45.702950,2026-01-12 20:33:45.712994,0 days 00:00:00.010044,17.13774036320371,50.214244429155684,6.840544703813865,COMPLETE
77,0.0,2026-01-12 20:33:45.712994,2026-01-12 20:33:45.722815,0 days 00:00:00.009821,25.579989857587783,39.11679162437005,3.102397174479565,COMPLETE
78,0.0,2026-01-12 20:33:45.722815,2026-01-12 20:33:45.727949,0 days 00:00:00.005134,10.488867163585692,31.30127629807513,1.9257060487032405,COMPLETE
79,0.0,2026-01-12 20:33:45.727949,2026-01-12 20:33:45.737915,0 days 00:00:00.009966,13.404125669457834,113.11433783625321,10.970210619613614,COMPLETE
80,0.0,2026-01-12 20:33:45.737915,2026-01-12 20:33:45.749713,0 days 00:00:00.011798,-5.78112212504506,54.11402063590364,9.961837889440169,COMPLETE
81,0.0,2026-01-12 20:33:45.749713,2026-01-12 20:33:45.749713,0 days 00:00:00,-2.112659710574807,61.575116753975664,2.7292234750455067,COMPLETE
82,0.0,2026-01-12 20:33:45.749713,2026-01-12 20:33:45.765380,0 days 00:00:00.015667,1.8915917747300428,80.09727915175426,1.4406619238874105,COMPLETE
83,0.0,2026-01-12 20:33:45.765380,2026-01-12 20:33:45.787278,0 days 00:00:00.021898,5.964610594881225,78.91865398195003,4.1272700583373405,COMPLETE
84,0.0,2026-01-12 20:33:45.787278,2026-01-12 20:33:45.800590,0 days 00:00:00.013312,-12.461182542297344,87.27717625301423,2.192863822508902,COMPLETE
85,0.0,2026-01-12 20:33:45.800590,2026-01-12 20:33:45.812353,0 days 00:00:00.011763,21.74221236889074,58.74298621614719,9.405868901287146,COMPLETE
86,0.0,2026-01-12 20:33:45.812353,2026-01-12 20:33:45.821680,0 days 00:00:00.009327,0.5455962932327445,23.656003264486735,8.682412732106524,COMPLETE
87,0.0,2026-01-12 20:33:45.821680,2026-01-12 20:33:45.835122,0 days 00:00:00.013442,8.933672620364682,50.21646893444722,0.10270325145867965,COMPLETE
88,0.0,2026-01-12 20:33:45.835122,2026-01-12 20:33:45.847924,0 days 00:00:00.012802,13.566129500776604,90.26866753793266,13.123768492480444,COMPLETE
89,0.0,2026-01-12 20:33:45.847924,2026-01-12 20:33:45.860298,0 days 00:00:00.012374,16.300075724062502,35.91789544116622,14.226442096227984,COMPLETE
90,0.0,2026-01-12 20:33:45.860298,2026-01-12 20:33:45.877024,0 days 00:00:00.016726,-4.00717524611756,66.82409090296133,1.8231663955983026,COMPLETE
91,0.0,2026-01-12 20:33:45.877024,2026-01-12 20:33:45.879396,0 days 00:00:00.002372,-15.32141485103508,45.534437098729626,1.2518227232193757,COMPLETE
92,0.0,2026-01-12 20:33:45.887724,2026-01-12 20:33:45.902686,0 days 00:00:00.014962,-18.38140944770138,44.22378700079036,0.6597278549809587,COMPLETE
93,0.0,2026-01-12 20:33:45.902686,2026-01-12 20:33:45.907034,0 days 00:00:00.004348,-12.790170703343442,83.98529745859646,10.290445653634766,COMPLETE
94,0.0,2026-01-12 20:33:45.907034,2026-01-12 20:33:45.927049,0 days 00:00:00.020015,-10.268919601709522,71.81317188122186,6.082014117842582,COMPLETE
95,0.0,2026-01-12 20:33:45.927049,2026-01-12 20:33:45.929058,0 days 00:00:00.002009,54.32935286318919,99.94662675383773,4.652042398929816,COMPLETE
96,0.0,2026-01-12 20:33:45.929058,2026-01-12 20:33:45.950502,0 days 00:00:00.021444,36.23325100963122,40.28177994274687,2.430502107625951,COMPLETE
97,0.0,2026-01-12 20:33:45.950502,2026-01-12 20:33:45.966406,0 days 00:00:00.015904,29.616395977612115,52.74310786710524,3.4016894646347002,COMPLETE
98,0.0,2026-01-12 20:33:45.966406,2026-01-12 20:33:45.981901,0 days 00:00:00.015495,-7.801217805776554,34.39508587811196,8.980185381143404,COMPLETE
99,0.0,2026-01-12 20:33:45.981901,2026-01-12 20:33:45.997502,0 days 00:00:00.015601,-15.779040786909412,63.950136474410726,7.723527805435835,COMPLETE
100,0.0,2026-01-12 20:33:45.997502,2026-01-12 20:33:46.005000,0 days 00:00:00.007498,-17.656592351632373,77.48169962193118,5.076366766176293,COMPLETE
101,0.0,2026-01-12 20:33:46.005000,2026-01-12 20:33:46.024710,0 days 00:00:00.019710,28.188680530067092,20.32943422505769,11.91831967338323,COMPLETE
102,0.0,2026-01-12 20:33:46.024710,2026-01-12 20:33:46.038561,0 days 00:00:00.013851,31.77442413138654,6.800734828958966,11.148475787189724,COMPLETE
103,0.0,2026-01-12 20:33:46.038561,2026-01-12 20:33:46.054552,0 days 00:00:00.015991,38.87697430205118,30.22870818133871,10.593797028459022,COMPLETE
104,0.0,2026-01-12 20:33:46.054552,2026-01-12 20:33:46.066551,0 days 00:00:00.011999,48.194922894958474,22.97900647617202,13.72615489760448,COMPLETE
105,0.0,2026-01-12 20:33:46.066551,2026-01-12 20:33:46.067925,0 days 00:00:00.001374,22.340273363208325,37.34563911773341,12.133744582008148,COMPLETE
106,0.0,2026-01-12 20:33:46.067925,2026-01-12 20:33:46.082435,0 days 00:00:00.014510,24.64744310115287,48.51221084846304,11.413827061909425,COMPLETE
107,0.0,2026-01-12 20:33:46.082435,2026-01-12 20:33:46.100271,0 days 00:00:00.017836,-19.991853702502677,42.586117407450104,1.03071368980086,COMPLETE
108,0.0,2026-01-12 20:33:46.100271,2026-01-12 20:33:46.116093,0 days 00:00:00.015822,-0.5478235865311378,26.78391168091671,8.38098641380774,COMPLETE
109,0.0,2026-01-12 20:33:46.116093,2026-01-12 20:33:46.131336,0 days 00:00:00.015243,4.374919510087995,57.59805817832361,1.640827141131838,COMPLETE
110,0.0,2026-01-12 20:33:46.131336,2026-01-12 20:33:46.137350,0 days 00:00:00.006014,33.0369526831236,15.40173272873164,9.583956350746702,COMPLETE
111,0.0,2026-01-12 20:33:46.137350,2026-01-12 20:33:46.144972,0 days 00:00:00.007622,7.778317534834933,50.27234337233111,11.498810219149854,COMPLETE
112,0.0,2026-01-12 20:33:46.144972,2026-01-12 20:33:46.166874,0 days 00:00:00.021902,14.09584219635828,47.15095645375911,10.313457324776286,COMPLETE
113,0.0,2026-01-12 20:33:46.166874,2026-01-12 20:33:46.176605,0 days 00:00:00.009731,18.456061818903173,55.462761510187974,10.030230275952313,COMPLETE
114,0.0,2026-01-12 20:33:46.176605,2026-01-12 20:33:46.179095,0 days 00:00:00.002490,12.393736903257881,38.99986864022665,9.220032000948835,COMPLETE
115,0.0,2026-01-12 20:33:46.179095,2026-01-12 20:33:46.192519,0 days 00:00:00.013424,26.28178308716312,44.81385329381182,12.294198729644954,COMPLETE
116,0.0,2026-01-12 20:33:46.192519,2026-01-12 20:33:46.205809,0 days 00:00:00.013290,22.915689278012206,42.1144696853659,11.704361326495794,COMPLETE
117,0.0,2026-01-12 20:33:46.205809,2026-01-12 20:33:46.219966,0 days 00:00:00.014157,59.030047395111545,52.838773131063576,12.616301980224202,COMPLETE
118,0.0,2026-01-12 20:33:46.219966,2026-01-12 20:33:46.224498,0 days 00:00:00.004532,10.051233544193481,110.2673552904331,12.789345183649083,COMPLETE
119,0.0,2026-01-12 20:33:46.224498,2026-01-12 20:33:46.239274,0 days 00:00:00.014776,15.943943121661407,28.773867077714428,8.616373428684744,COMPLETE
120,0.0,2026-01-12 20:33:46.239274,2026-01-12 20:33:46.255118,0 days 00:00:00.015844,-13.618191424395974,59.443724765572696,10.641710721904643,COMPLETE
121,0.0,2026-01-12 20:33:46.255118,2026-01-12 20:33:46.257188,0 days 00:00:00.002070,42.13757243233312,48.72232833471483,0.531300705305747,COMPLETE
122,0.0,2026-01-12 20:33:46.257188,2026-01-12 20:33:46.279454,0 days 00:00:00.022266,43.48662623033872,119.69154082563841,0.8706179437903592,COMPLETE
123,0.0,2026-01-12 20:33:46.279454,2026-01-12 20:33:46.292349,0 days 00:00:00.012895,39.150365040699505,6.013558729069255,4.1621399055448185,COMPLETE
124,0.0,2026-01-12 20:33:46.292349,2026-01-12 20:33:46.306542,0 days 00:00:00.014193,48.58633098012796,36.87026926154244,0.3593327782618013,COMPLETE
125,0.0,2026-01-12 20:33:46.306542,2026-01-12 20:33:46.322473,0 days 00:00:00.015931,45.37611193161459,6.875575268691222,1.4081154327490926,COMPLETE
126,0.0,2026-01-12 20:33:46.322473,2026-01-12 20:33:46.323991,0 days 00:00:00.001518,35.71190117349294,11.241966340072864,1.9739837854724713,COMPLETE
127,0.0,2026-01-12 20:33:46.323991,2026-01-12 20:33:46.346696,0 days 00:00:00.022705,2.3968918465675992,46.50947065246075,2.403886918266327,COMPLETE
128,0.0,2026-01-12 20:33:46.346696,2026-01-12 20:33:46.355917,0 days 00:00:00.009221,19.83479011670824,32.98410338103116,3.0889354552311934,COMPLETE
129,0.0,2026-01-12 20:33:46.355917,2026-01-12 20:33:46.365605,0 days 00:00:00.009688,-11.09225376816175,94.75132396818917,11.1646665632466,COMPLETE
130,0.0,2026-01-12 20:33:46.365605,2026-01-12 20:33:46.368804,0 days 00:00:00.003199,54.23154297864055,89.31720034086675,8.066436054505823,COMPLETE
131,0.0,2026-01-12 20:33:46.368804,2026-01-12 20:33:46.381618,0 days 00:00:00.012814,56.58373863836963,72.00421984755235,9.847247096053101,COMPLETE
132,0.0,2026-01-12 20:33:46.381618,2026-01-12 20:33:46.399784,0 days 00:00:00.018166,51.61183629423896,68.42904284300144,13.40855643586618,COMPLETE
133,0.0,2026-01-12 20:33:46.399784,2026-01-12 20:33:46.399784,0 days 00:00:00,55.57484184488384,64.67013491312575,0.8207411599077645,COMPLETE
134,0.0,2026-01-12 20:33:46.399784,2026-01-12 20:33:46.415653,0 days 00:00:00.015869,6.283249492364893,62.71636302852339,9.222298000730586,COMPLETE
135,0.0,2026-01-12 20:33:46.415653,2026-01-12 20:33:46.429052,0 days 00:00:00.013399,-4.317257284341414,51.03976573273951,7.084777279334464,COMPLETE
136,0.0,2026-01-12 20:33:46.429052,2026-01-12 20:33:46.432131,0 days 00:00:00.003079,11.54090864707841,75.06717701160446,14.025450150058345,COMPLETE
137,0.0,2026-01-12 20:33:46.432131,2026-01-12 20:33:46.444819,0 days 00:00:00.012688,46.428880404408126,56.407022498684704,0.0069260643833848334,COMPLETE
138,0.0,2026-01-12 20:33:46.444819,2026-01-12 20:33:46.451170,0 days 00:00:00.006351,58.43137309561281,84.20748530730795,1.295737989978641,COMPLETE
139,0.0,2026-01-12 20:33:46.451170,2026-01-12 20:33:46.474889,0 days 00:00:00.023719,27.52406654102791,54.01053942101308,14.510293921701162,COMPLETE
140,0.0,2026-01-12 20:33:46.474889,2026-01-12 20:33:46.491268,0 days 00:00:00.016379,53.651409677159684,67.24872533996101,7.5854297653867055,COMPLETE
141,0.0,2026-01-12 20:33:46.491268,2026-01-12 20:33:46.493905,0 days 00:00:00.002637,49.91338434779504,41.006781498125676,14.776405167172534,COMPLETE
142,0.0,2026-01-12 20:33:46.493905,2026-01-12 20:33:46.514898,0 days 00:00:00.020993,53.09607482671388,77.39290835752503,10.884401834756373,COMPLETE
143,0.0,2026-01-12 20:33:46.514898,2026-01-12 20:33:46.526666,0 days 00:00:00.011768,51.25040393464967,42.711196016630765,5.594746613297012,COMPLETE
144,0.0,2026-01-12 20:33:46.526666,2026-01-12 20:33:46.535895,0 days 00:00:00.009229,56.316135896125736,39.296742329253746,11.60006435670589,COMPLETE
145,0.0,2026-01-12 20:33:46.535895,2026-01-12 20:33:46.541453,0 days 00:00:00.005558,4.301234781663575,0.6490240296699312,12.990728836070565,COMPLETE
146,0.0,2026-01-12 20:33:46.541453,2026-01-12 20:33:46.547737,0 days 00:00:00.006284,9.027847269764173,43.99180399230411,10.337994954990666,COMPLETE
147,0.0,2026-01-12 20:33:46.547737,2026-01-12 20:33:46.557463,0 days 00:00:00.009726,32.793063816381036,35.95771547652882,6.682322030641888,COMPLETE
148,0.0,2026-01-12 20:33:46.557463,2026-01-12 20:33:46.572268,0 days 00:00:00.014805,18.97862184426011,48.10303100294785,12.108998603074783,COMPLETE
149,0.0,2026-01-12 20:33:46.572268,2026-01-12 20:33:46.589701,0 days 00:00:00.017433,29.124881829858612,59.21330949415976,8.893236521944612,COMPLETE
150,0.0,2026-01-12 20:33:46.589701,2026-01-12 20:33:46.602989,0 days 00:00:00.013288,37.56185022989784,31.447878304478483,11.866677719313234,COMPLETE
151,0.0,2026-01-12 20:33:46.602989,2026-01-12 20:33:46.606587,0 days 00:00:00.003598,-16.735589896206086,10.710284316852599,2.7538232592062455,COMPLETE
152,0.0,2026-01-12 20:33:46.606587,2026-01-12 20:33:46.619116,0 days 00:00:00.012529,-15.099572482944318,9.60060954590885,1.5957211047973345,COMPLETE
153,0.0,2026-01-12 20:33:46.619116,2026-01-12 20:33:46.638895,0 days 00:00:00.019779,-19.955609718663325,3.3944796541611333,2.2056471780827627,COMPLETE
154,0.0,2026-01-12 20:33:46.638895,2026-01-12 20:33:46.654920,0 days 00:00:00.016025,-18.326974761370586,4.913819985549116,3.5709112898891475,COMPLETE
155,0.0,2026-01-12 20:33:46.654920,2026-01-12 20:33:46.668833,0 days 00:00:00.013913,-9.533321718699984,70.46069539806693,9.538862379277976,COMPLETE
156,0.0,2026-01-12 20:33:46.668833,2026-01-12 20:33:46.680003,0 days 00:00:00.011170,-0.9800998537603672,101.93952347507124,11.185377048095535,COMPLETE
157,0.0,2026-01-12 20:33:46.680003,2026-01-12 20:33:46.689160,0 days 00:00:00.009157,46.69664914722418,20.148445240619584,1.1710067841547884,COMPLETE
158,0.0,2026-01-12 20:33:46.689160,2026-01-12 20:33:46.692887,0 days 00:00:00.003727,40.186228262248086,45.928449012893566,1.7838477509601636,COMPLETE
159,0.0,2026-01-12 20:33:46.692887,2026-01-12 20:33:46.703888,0 days 00:00:00.011001,-13.793619654726296,50.04094390657525,2.5796679237099,COMPLETE
160,0.0,2026-01-12 20:33:46.703888,2026-01-12 20:33:46.719931,0 days 00:00:00.016043,14.874587873662431,52.45461246153373,12.355648356806102,COMPLETE
161,0.0,2026-01-12 20:33:46.719931,2026-01-12 20:33:46.733864,0 days 00:00:00.013933,23.99152992316149,23.462508681481353,2.081809141295782,COMPLETE
162,0.0,2026-01-12 20:33:46.733864,2026-01-12 20:33:46.749102,0 days 00:00:00.015238,20.80978437708595,0.19553970135753418,6.032184238636147,COMPLETE
163,0.0,2026-01-12 20:33:46.749102,2026-01-12 20:33:46.751608,0 days 00:00:00.002506,25.70543275444308,34.39234637945464,2.9033705561495466,COMPLETE
164,0.0,2026-01-12 20:33:46.751608,2026-01-12 20:33:46.767720,0 days 00:00:00.016112,7.651805170346368,29.343352927407718,1.7409028804779714,COMPLETE
165,0.0,2026-01-12 20:33:46.767720,2026-01-12 20:33:46.767720,0 days 00:00:00,-6.191839572527654,82.23715628122312,8.19269354947336,COMPLETE
166,0.0,2026-01-12 20:33:46.767720,2026-01-12 20:33:46.789102,0 days 00:00:00.021382,17.274198761505794,40.56957560154393,0.3589201767408753,COMPLETE
167,0.0,2026-01-12 20:33:46.789102,2026-01-12 20:33:46.790296,0 days 00:00:00.001194,-17.226649330936624,25.716651799768705,1.120946546641847,COMPLETE
168,0.0,2026-01-12 20:33:46.790296,2026-01-12 20:33:46.805065,0 days 00:00:00.014769,31.340910429776564,38.12942522196356,9.973445559959336,COMPLETE
169,0.0,2026-01-12 20:33:46.805065,2026-01-12 20:33:46.822036,0 days 00:00:00.016971,22.255897012792285,16.096462164735243,2.092259790823272,COMPLETE
170,0.0,2026-01-12 20:33:46.822036,2026-01-12 20:33:46.832188,0 days 00:00:00.010152,24.841503203505532,44.20757070340586,9.302550521096677,COMPLETE
171,0.0,2026-01-12 20:33:46.832188,2026-01-12 20:33:46.836869,0 days 00:00:00.004681,27.69118824611107,91.40345143429978,0.7937022713677209,COMPLETE
172,0.0,2026-01-12 20:33:46.836869,2026-01-12 20:33:46.848007,0 days 00:00:00.011138,12.22284065413591,80.5172220374518,1.4209557574699434,COMPLETE
173,0.0,2026-01-12 20:33:46.848007,2026-01-12 20:33:46.868474,0 days 00:00:00.020467,10.522038009652064,77.68190555107098,14.443357763491,COMPLETE
174,0.0,2026-01-12 20:33:46.868474,2026-01-12 20:33:46.878153,0 days 00:00:00.009679,5.218963339900548,88.67345066677476,14.972471270849017,COMPLETE
175,0.0,2026-01-12 20:33:46.878153,2026-01-12 20:33:46.880538,0 days 00:00:00.002385,52.54118184980735,97.17501871009485,14.72680918008021,COMPLETE
176,0.0,2026-01-12 20:33:46.880538,2026-01-12 20:33:46.902869,0 days 00:00:00.022331,13.601125861099712,61.25173966931126,10.53695793706436,COMPLETE
177,0.0,2026-01-12 20:33:46.902869,2026-01-12 20:33:46.915714,0 days 00:00:00.012845,16.008426877240126,87.12761718338504,14.093315350198555,COMPLETE
178,0.0,2026-01-12 20:33:46.915714,2026-01-12 20:33:46.933465,0 days 00:00:00.017751,48.34307006480718,106.46594303943257,13.756640937102556,COMPLETE
179,0.0,2026-01-12 20:33:46.933465,2026-01-12 20:33:46.941442,0 days 00:00:00.007977,19.008922924530623,73.46848151875936,11.346476260657353,COMPLETE
180,0.0,2026-01-12 20:33:46.941442,2026-01-12 20:33:46.957337,0 days 00:00:00.015895,2.755724926892716,84.8232063738681,8.84737817622046,COMPLETE
181,0.0,2026-01-12 20:33:46.957337,2026-01-12 20:33:46.957337,0 days 00:00:00,-18.521071902954137,63.67572893341065,2.2886638297732085,COMPLETE
182,0.0,2026-01-12 20:33:46.957337,2026-01-12 20:33:46.984365,0 days 00:00:00.027028,-16.1130100203166,55.68233981540795,2.876688292839976,COMPLETE
183,0.0,2026-01-12 20:33:46.984365,2026-01-12 20:33:46.994824,0 days 00:00:00.010459,-14.625271856672288,47.30892748065291,1.9215512558561731,COMPLETE
184,0.0,2026-01-12 20:33:46.994824,2026-01-12 20:33:47.011119,0 days 00:00:00.016295,-18.76162106678802,58.25738180197865,2.5510470638119083,COMPLETE
185,0.0,2026-01-12 20:33:47.011119,2026-01-12 20:33:47.020633,0 days 00:00:00.009514,-2.9936207055350397,2.5761782351077267,9.702955754617033,COMPLETE
186,0.0,2026-01-12 20:33:47.020633,2026-01-12 20:33:47.029899,0 days 00:00:00.009266,-12.911182467640085,50.658945476154486,12.685668039455203,COMPLETE
187,0.0,2026-01-12 20:33:47.029899,2026-01-12 20:33:47.046501,0 days 00:00:00.016602,50.34378348045544,66.2367568804871,1.464007535000735,COMPLETE
188,0.0,2026-01-12 20:33:47.046501,2026-01-12 20:33:47.060712,0 days 00:00:00.014211,57.764082973654084,42.19361720077776,3.3374040975199812,COMPLETE
189,0.0,2026-01-12 20:33:47.060712,2026-01-12 20:33:47.077882,0 days 00:00:00.017170,34.617453101391376,45.10986986301348,3.9370639807225567,COMPLETE
190,0.0,2026-01-12 20:33:47.077882,2026-01-12 20:33:47.088146,0 days 00:00:00.010264,55.17254899371629,60.51754991873257,11.735651163403697,COMPLETE
191,0.0,2026-01-12 20:33:47.088146,2026-01-12 20:33:47.106597,0 days 00:00:00.018451,51.56796543702299,53.41212670510744,13.21455964169489,COMPLETE
192,0.0,2026-01-12 20:33:47.106597,2026-01-12 20:33:47.118954,0 days 00:00:00.012357,9.841431747154711,48.78783742298239,5.392104317598954,COMPLETE
193,0.0,2026-01-12 20:33:47.118954,2026-01-12 20:33:47.130860,0 days 00:00:00.011906,44.29606982162427,51.86981743568105,4.867604892300186,COMPLETE
194,0.0,2026-01-12 20:33:47.130860,2026-01-12 20:33:47.138920,0 days 00:00:00.008060,-16.846013936536465,32.226753471352914,5.942401454628508,COMPLETE
195,0.0,2026-01-12 20:33:47.138920,2026-01-12 20:33:47.154074,0 days 00:00:00.015154,7.018215816970692,47.09411198683891,2.418713011668596,COMPLETE
196,0.0,2026-01-12 20:33:47.154074,2026-01-12 20:33:47.165255,0 days 00:00:00.011181,53.211969159128806,28.164004537150042,14.970261337622679,COMPLETE
197,0.0,2026-01-12 20:33:47.165255,2026-01-12 20:33:47.166578,0 days 00:00:00.001323,23.085364178649595,94.25844468562977,4.292252462814468,COMPLETE
198,0.0,2026-01-12 20:33:47.166578,2026-01-12 20:33:47.178968,0 days 00:00:00.012390,49.1963882895413,55.78263622724245,7.266673654501546,COMPLETE
199,0.0,2026-01-12 20:33:47.178968,2026-01-12 20:33:47.204851,0 days 00:00:00.025883,1.2748590807625284,8.05236815994689,1.7555282413941256,COMPLETE
200,0.0,2026-01-12 20:33:47.204851,2026-01-12 20:33:47.222916,0 days 00:00:00.018065,-8.579427861555882,12.714164489536667,6.392952745839279,COMPLETE
201,0.0,2026-01-12 20:33:47.222916,2026-01-12 20:33:47.238963,0 days 00:00:00.016047,50.87970833685434,108.29377061774534,8.474687922736114,COMPLETE
202,0.0,2026-01-12 20:33:47.238963,2026-01-12 20:33:47.253971,0 days 00:00:00.015008,47.59171242386491,111.4509420407826,9.220262747056326,COMPLETE
203,0.0,2026-01-12 20:33:47.253971,2026-01-12 20:33:47.269129,0 days 00:00:00.015158,40.61419167041964,116.2016339537694,9.779353470221855,COMPLETE
204,0.0,2026-01-12 20:33:47.270128,2026-01-12 20:33:47.280129,0 days 00:00:00.010001,21.13367799527438,82.6753525859597,9.548242756698528,COMPLETE
205,0.0,2026-01-12 20:33:47.280129,2026-01-12 20:33:47.290353,0 days 00:00:00.010224,52.33960796157184,100.02173064778876,12.175012686545085,COMPLETE
206,0.0,2026-01-12 20:33:47.290353,2026-01-12 20:33:47.300373,0 days 00:00:00.010020,56.939702557857274,69.23751025096121,10.94997427596317,COMPLETE
207,0.0,2026-01-12 20:33:47.300373,2026-01-12 20:33:47.311133,0 days 00:00:00.010760,-11.599196903014969,44.53302304981967,9.057222890238783,COMPLETE
208,0.0,2026-01-12 20:33:47.311133,2026-01-12 20:33:47.326531,0 days 00:00:00.015398,54.969226932898096,50.14730568556983,3.2259879089262724,COMPLETE
209,0.0,2026-01-12 20:33:47.326531,2026-01-12 20:33:47.342005,0 days 00:00:00.015474,49.89397285575581,113.89239439526624,7.8981814751487835,COMPLETE
210,0.0,2026-01-12 20:33:47.343008,2026-01-12 20:33:47.353007,0 days 00:00:00.009999,12.883518468738806,35.01215947783756,8.616849158856233,COMPLETE
211,0.0,2026-01-12 20:33:47.353007,2026-01-12 20:33:47.363296,0 days 00:00:00.010289,30.101908597601522,97.5827274385893,8.16532630700333,COMPLETE
212,0.0,2026-01-12 20:33:47.363296,2026-01-12 20:33:47.373646,0 days 00:00:00.010350,25.81743919279695,91.39256329251423,7.581112240814418,COMPLETE
213,0.0,2026-01-12 20:33:47.373646,2026-01-12 20:33:47.383243,0 days 00:00:00.009597,27.128252920216344,105.1742249411747,8.78483892914601,COMPLETE
214,0.0,2026-01-12 20:33:47.383243,2026-01-12 20:33:47.398896,0 days 00:00:00.015653,24.5356866677761,4.3606938737542436,10.17345706572263,COMPLETE
215,0.0,2026-01-12 20:33:47.398896,2026-01-12 20:33:47.409935,0 days 00:00:00.011039,9.187383027401472,103.44178766540749,1.0261578817980679,COMPLETE
216,0.0,2026-01-12 20:33:47.409935,2026-01-12 20:33:47.420216,0 days 00:00:00.010281,-17.11956092974826,38.97418544958972,2.0767008014391832,COMPLETE
217,0.0,2026-01-12 20:33:47.420216,2026-01-12 20:33:47.430878,0 days 00:00:00.010662,-18.882916055435608,79.55726308724549,9.432197892481279,COMPLETE
218,0.0,2026-01-12 20:33:47.430878,2026-01-12 20:33:47.440892,0 days 00:00:00.010014,27.86128815864172,42.524820367822485,0.6587615762105887,COMPLETE
219,0.0,2026-01-12 20:33:47.440892,2026-01-12 20:33:47.450108,0 days 00:00:00.009216,11.175681870317966,46.86978710427723,6.88839517205939,COMPLETE
220,0.0,2026-01-12 20:33:47.450108,2026-01-12 20:33:47.465314,0 days 00:00:00.015206,22.981953856507936,119.97877577057056,8.330173389958201,COMPLETE
221,0.0,2026-01-12 20:33:47.466315,2026-01-12 20:33:47.476707,0 days 00:00:00.010392,53.18766269176515,95.35235812994945,6.658676060278584,COMPLETE
222,0.0,2026-01-12 20:33:47.476707,2026-01-12 20:33:47.486186,0 days 00:00:00.009479,50.80053429548921,98.61346191777402,11.642272433800766,COMPLETE
223,0.0,2026-01-12 20:33:47.487186,2026-01-12 20:33:47.503205,0 days 00:00:00.016019,48.3215850132316,52.22655730301049,5.378027063861823,COMPLETE
224,0.0,2026-01-12 20:33:47.503205,2026-01-12 20:33:47.513533,0 days 00:00:00.010328,-19.856332870328423,21.549316965322188,5.812665274815045,COMPLETE
225,0.0,2026-01-12 20:33:47.513533,2026-01-12 20:33:47.524159,0 days 00:00:00.010626,46.54853231867119,49.253408176336286,6.257186902591143,COMPLETE
226,0.0,2026-01-12 20:33:47.524159,2026-01-12 20:33:47.534173,0 days 00:00:00.010014,20.715676594673862,92.88466852255137,4.462081193822806,COMPLETE
227,0.0,2026-01-12 20:33:47.534173,2026-01-12 20:33:47.544652,0 days 00:00:00.010479,-15.696074669541154,100.79734597188607,2.617118138638032,COMPLETE
228,0.0,2026-01-12 20:33:47.544652,2026-01-12 20:33:47.553667,0 days 00:00:00.009015,17.52453711557199,46.19535327151569,1.3037501303151782,COMPLETE
229,0.0,2026-01-12 20:33:47.554667,2026-01-12 20:33:47.563682,0 days 00:00:00.009015,54.003963127295044,76.127797973976,3.6317844232188445,COMPLETE
230,0.0,2026-01-12 20:33:47.564685,2026-01-12 20:33:47.574742,0 days 00:00:00.010057,45.26487243663585,62.414930087273405,7.3852107198927825,COMPLETE
231,0.0,2026-01-12 20:33:47.574742,2026-01-12 20:33:47.584758,0 days 00:00:00.010016,22.258215407057413,37.591343997373706,7.064258547147336,COMPLETE
232,0.0,2026-01-12 20:33:47.584758,2026-01-12 20:33:47.595274,0 days 00:00:00.010516,19.64182827004037,30.548004552669024,9.048356665718547,COMPLETE
233,0.0,2026-01-12 20:33:47.595274,2026-01-12 20:33:47.605377,0 days 00:00:00.010103,26.075733991028702,40.91473696080573,6.185033403027569,COMPLETE
234,0.0,2026-01-12 20:33:47.605377,2026-01-12 20:33:47.614628,0 days 00:00:00.009251,15.051624086187076,36.86278920156837,6.574183981568899,COMPLETE
235,0.0,2026-01-12 20:33:47.615629,2026-01-12 20:33:47.625644,0 days 00:00:00.010015,23.76885303060303,33.1579980269622,1.657780545470271,COMPLETE
236,0.0,2026-01-12 20:33:47.625644,2026-01-12 20:33:47.635053,0 days 00:00:00.009409,29.17764532722486,107.19034253733764,4.924142899464725,COMPLETE
237,0.0,2026-01-12 20:33:47.636058,2026-01-12 20:33:47.645305,0 days 00:00:00.009247,5.687755256445002,72.87088181807808,12.034804983298853,COMPLETE
238,0.0,2026-01-12 20:33:47.646423,2026-01-12 20:33:47.655742,0 days 00:00:00.009319,8.093753840244,43.008214557738754,5.744092369410407,COMPLETE
239,0.0,2026-01-12 20:33:47.655742,2026-01-12 20:33:47.665878,0 days 00:00:00.010136,52.27958180478711,102.90443824822752,11.362768976048427,COMPLETE
240,0.0,2026-01-12 20:33:47.665878,2026-01-12 20:33:47.682158,0 days 00:00:00.016280,49.604139842796606,57.929031136504676,2.2463002134585786,COMPLETE
241,0.0,2026-01-12 20:33:47.682158,2026-01-12 20:33:47.697486,0 days 00:00:00.015328,32.79771403553873,63.3612028994106,6.4556221666182045,COMPLETE
242,0.0,2026-01-12 20:33:47.698487,2026-01-12 20:33:47.714012,0 days 00:00:00.015525,-5.1952358174842335,65.21676472426743,5.030210597444841,COMPLETE
243,0.0,2026-01-12 20:33:47.714012,2026-01-12 20:33:47.729664,0 days 00:00:00.015652,34.12945852903712,67.30648340342626,4.616428325094958,COMPLETE
244,0.0,2026-01-12 20:33:47.729664,2026-01-12 20:33:47.740365,0 days 00:00:00.010701,30.475878347700082,35.894036775714966,9.980143529128268,COMPLETE
245,0.0,2026-01-12 20:33:47.740365,2026-01-12 20:33:47.756024,0 days 00:00:00.015659,-17.72203591507189,60.40888943008355,14.470298790069775,COMPLETE
246,0.0,2026-01-12 20:33:47.756024,2026-01-12 20:33:47.766213,0 days 00:00:00.010189,36.182386013551174,85.90680906377604,2.9574681494075623,COMPLETE
247,0.0,2026-01-12 20:33:47.766213,2026-01-12 20:33:47.781694,0 days 00:00:00.015481,21.683766908087865,70.49912796973408,1.8470970585170405,COMPLETE
248,0.0,2026-01-12 20:33:47.782695,2026-01-12 20:33:47.793114,0 days 00:00:00.010419,51.545438098058746,40.04814015243568,3.797399846832714,COMPLETE
249,0.0,2026-01-12 20:33:47.793114,2026-01-12 20:33:47.804677,0 days 00:00:00.011563,18.188306756713626,25.47243494764635,7.891546215836083,COMPLETE
250,0.0,2026-01-12 20:33:47.804677,2026-01-12 20:33:47.820120,0 days 00:00:00.015443,37.73630951277605,44.06574970066423,0.29987988500926177,COMPLETE
251,0.0,2026-01-12 20:33:47.820120,2026-01-12 20:33:47.836133,0 days 00:00:00.016013,-14.900800920354866,64.78896454741913,8.445955708040469,COMPLETE
252,0.0,2026-01-12 20:33:47.836133,2026-01-12 20:33:47.846159,0 days 00:00:00.010026,41.26736642294586,47.980359794648756,5.272154358784159,COMPLETE
253,0.0,2026-01-12 20:33:47.847160,2026-01-12 20:33:47.857295,0 days 00:00:00.010135,-6.999534207418259,81.21703600287485,14.989862466199547,COMPLETE
254,0.0,2026-01-12 20:33:47.857295,2026-01-12 20:33:47.866855,0 days 00:00:00.009560,24.453382972485155,45.32706108086618,10.674235387596358,COMPLETE
255,0.0,2026-01-12 20:33:47.867856,2026-01-12 20:33:47.883337,0 days 00:00:00.015481,31.66945624157385,1.9938296064236039,12.5047819954395,COMPLETE
256,0.0,2026-01-12 20:33:47.883337,2026-01-12 20:33:47.893662,0 days 00:00:00.010325,55.06439544037271,116.21066421141616,9.456514035369615,COMPLETE
257,0.0,2026-01-12 20:33:47.894917,2026-01-12 20:33:47.904985,0 days 00:00:00.010068,3.5001533919661822,96.77504688528153,6.859970346693193,COMPLETE
258,0.0,2026-01-12 20:33:47.904985,2026-01-12 20:33:47.915339,0 days 00:00:00.010354,-1.0144359536075602,112.33924880521064,8.733460525266391,COMPLETE
259,0.0,2026-01-12 20:33:47.915339,2026-01-12 20:33:47.925393,0 days 00:00:00.010054,20.03255418565078,49.452189596382595,4.062109174717017,COMPLETE
260,0.0,2026-01-12 20:33:47.926392,2026-01-12 20:33:47.935444,0 days 00:00:00.009052,26.20621248409537,54.759717179189416,2.0585681614411793,COMPLETE
261,0.0,2026-01-12 20:33:47.936445,2026-01-12 20:33:47.951882,0 days 00:00:00.015437,12.880743808152063,89.6547694680318,0.8265005534102587,COMPLETE
262,0.0,2026-01-12 20:33:47.951882,2026-01-12 20:33:47.962103,0 days 00:00:00.010221,42.91836679223999,40.893922457562525,2.5426534246422077,COMPLETE
263,0.0,2026-01-12 20:33:47.962103,2026-01-12 20:33:47.972420,0 days 00:00:00.010317,-17.922778416401428,109.47198945022079,5.610209754589263,COMPLETE
264,0.0,2026-01-12 20:33:47.972420,2026-01-12 20:33:47.988539,0 days 00:00:00.016119,49.48985380557994,68.213455049715,11.822370411217182,COMPLETE
265,0.0,2026-01-12 20:33:47.988539,2026-01-12 20:33:47.999675,0 days 00:00:00.011136,28.10966065586559,33.310855709025354,14.235922086274647,COMPLETE
266,0.0,2026-01-12 20:33:47.999675,2026-01-12 20:33:48.009978,0 days 00:00:00.010303,10.159363720495831,29.04625359264802,1.6440578446658574,COMPLETE
267,0.0,2026-01-12 20:33:48.009978,2026-01-12 20:33:48.025985,0 days 00:00:00.016007,47.122786926779085,61.06136944673437,1.2370653893687917,COMPLETE
268,0.0,2026-01-12 20:33:48.025985,2026-01-12 20:33:48.036988,0 days 00:00:00.011003,14.54001682303036,51.25544108158836,10.37994907505552,COMPLETE
269,0.0,2026-01-12 20:33:48.036988,2026-01-12 20:33:48.053000,0 days 00:00:00.016012,53.21677491570223,57.58504194301679,13.481799575908882,COMPLETE
270,0.0,2026-01-12 20:33:48.053000,2026-01-12 20:33:48.068996,0 days 00:00:00.015996,56.502417542439645,43.750589819759554,12.94292526081564,COMPLETE
271,0.0,2026-01-12 20:33:48.070000,2026-01-12 20:33:48.079996,0 days 00:00:00.009996,-2.499281714007463,103.66818020089072,9.112271122266593,COMPLETE
272,0.0,2026-01-12 20:33:48.079996,2026-01-12 20:33:48.092131,0 days 00:00:00.012135,7.063635196719394,75.35729125680012,14.674655561293779,COMPLETE
273,0.0,2026-01-12 20:33:48.092131,2026-01-12 20:33:48.109139,0 days 00:00:00.017008,15.906408490178144,17.754231550834934,9.66106823679667,COMPLETE
274,0.0,2026-01-12 20:33:48.109139,2026-01-12 20:33:48.119141,0 days 00:00:00.010002,-16.57145603828794,38.14621589855201,11.144986228734293,COMPLETE
275,0.0,2026-01-12 20:33:48.120140,2026-01-12 20:33:48.135147,0 days 00:00:00.015007,33.9538449816458,52.982556039950694,7.726256846420829,COMPLETE
276,0.0,2026-01-12 20:33:48.136154,2026-01-12 20:33:48.147149,0 days 00:00:00.010995,23.01571812754284,47.27883164541608,6.046270001456433,COMPLETE
277,0.0,2026-01-12 20:33:48.147149,2026-01-12 20:33:48.162222,0 days 00:00:00.015073,-19.46092586859547,35.50894843808221,8.791491881431334,COMPLETE
278,0.0,2026-01-12 20:33:48.163221,2026-01-12 20:33:48.173515,0 days 00:00:00.010294,29.19828777743522,87.77578219915308,4.337510554683319,COMPLETE
279,0.0,2026-01-12 20:33:48.173515,2026-01-12 20:33:48.183845,0 days 00:00:00.010330,0.6103416617815574,0.4279248551308088,11.58668012020467,COMPLETE
280,0.0,2026-01-12 20:33:48.183845,2026-01-12 20:33:48.194187,0 days 00:00:00.010342,50.36728429096465,4.7675109717348025,3.240414730917765,COMPLETE
281,0.0,2026-01-12 20:33:48.194187,2026-01-12 20:33:48.210325,0 days 00:00:00.016138,21.55925444028203,65.8391369665545,2.0892605084354514,COMPLETE
282,0.0,2026-01-12 20:33:48.210325,2026-01-12 20:33:48.226327,0 days 00:00:00.016002,11.198393763062452,62.64991993795289,12.332955933752878,COMPLETE
283,0.0,2026-01-12 20:33:48.226327,2026-01-12 20:33:48.236335,0 days 00:00:00.010008,51.998045322928434,41.11720536561274,2.3011017803551637,COMPLETE
284,0.0,2026-01-12 20:33:48.237334,2026-01-12 20:33:48.247335,0 days 00:00:00.010001,19.627545683084527,45.53543661953219,8.284211806139988,COMPLETE
285,0.0,2026-01-12 20:33:48.247335,2026-01-12 20:33:48.258350,0 days 00:00:00.011015,-13.511485289728375,94.56773549209124,9.334685407949317,COMPLETE
286,0.0,2026-01-12 20:33:48.259352,2026-01-12 20:33:48.269485,0 days 00:00:00.010133,8.327490603606575,31.370952681612284,7.26259453086687,COMPLETE
287,0.0,2026-01-12 20:33:48.269485,2026-01-12 20:33:48.285185,0 days 00:00:00.015700,54.29646903966508,70.31424546814014,2.7757235164440472,COMPLETE
288,0.0,2026-01-12 20:33:48.285185,2026-01-12 20:33:48.296871,0 days 00:00:00.011686,26.912038330243284,48.69111927932358,4.698693379344305,COMPLETE
289,0.0,2026-01-12 20:33:48.296871,2026-01-12 20:33:48.312988,0 days 00:00:00.016117,17.39686467025492,99.30790086782797,0.4457768342412444,COMPLETE
290,0.0,2026-01-12 20:33:48.312988,2026-01-12 20:33:48.323989,0 days 00:00:00.011001,31.710244596161065,92.08357226223741,10.150280690143521,COMPLETE
291,0.0,2026-01-12 20:33:48.323989,2026-01-12 20:33:48.339977,0 days 00:00:00.015988,48.71880035905797,84.61739380733601,6.275041676862009,COMPLETE
292,0.0,2026-01-12 20:33:48.339977,2026-01-12 20:33:48.350330,0 days 00:00:00.010353,24.084188471440633,77.57569936742672,11.89822925053158,COMPLETE
293,0.0,2026-01-12 20:33:48.351338,2026-01-12 20:33:48.361578,0 days 00:00:00.010240,-15.724868754849785,39.22483368698756,1.55685492281377,COMPLETE
294,0.0,2026-01-12 20:33:48.361578,2026-01-12 20:33:48.372108,0 days 00:00:00.010530,-10.962606626216495,105.52995940300585,9.822137698407753,COMPLETE
295,0.0,2026-01-12 20:33:48.372108,2026-01-12 20:33:48.381753,0 days 00:00:00.009645,45.106400940848246,50.17483374800036,10.860467755103759,COMPLETE
296,0.0,2026-01-12 20:33:48.382760,2026-01-12 20:33:48.398352,0 days 00:00:00.015592,59.36518774731851,43.76114412368214,1.9426186476844136,COMPLETE
297,0.0,2026-01-12 20:33:48.398352,2026-01-12 20:33:48.409517,0 days 00:00:00.011165,4.452544266549259,101.21110267732023,5.229187389475569,COMPLETE
298,0.0,2026-01-12 20:33:48.409517,2026-01-12 20:33:48.425264,0 days 00:00:00.015747,35.85809699304887,59.45524692173995,0.940196119838927,COMPLETE
299,0.0,2026-01-12 20:33:48.425264,2026-01-12 20:33:48.436459,0 days 00:00:00.011195,25.137484238742747,54.15653582473352,3.6814264613845498,COMPLETE
