frame,smvs
11,13708.425040244307
12,13814.597034623646
13,13667.352286455904
14,13746.16043145989
15,13837.490809225057
16,13716.843339073383
17,13986.772240375105
18,13694.686915393679
19,13977.364094059738
20,13632.903612713384
21,13698.812464184482
22,13609.230611777288
23,13693.118507170266
24,13647.670528838657
25,13589.159878337436
26,13568.798060563058
27,13527.434831186118
28,13556.452547419265
29,13523.517148158702
30,13595.200957070896
31,13467.224223555033
32,13643.349830393887
33,13468.763531618408
34,13590.601219585675
35,13597.225061537789
36,13548.328119499003
37,13658.200163630152
38,13818.656056965086
39,13728.810469371048
40,13724.176437076632
41,13698.271832059954
42,13604.594332927814
43,13484.055810649528
44,13291.450689802934
45,13457.20398061034
46,13499.502623322758
47,13512.386728129892
48,12911.555511625173
49,13670.33078627859
50,13598.632784046762
51,13497.40440132622
52,13485.108225559381
53,13388.953601621002
54,13515.331191743071
55,13328.991557301371
56,13524.07008120615
57,13518.962887949263
58,13410.76551689197
59,13403.886530053102
60,13430.325469799975
61,13213.068862291731
62,13445.333871839795
63,13501.798961241175
64,13377.956764466813
65,13228.292661475352
66,13420.803663252149
67,13383.437600865498
68,12138.901679615232
69,13399.78219538302
70,13452.502963202498
71,13407.900094843257
72,13425.07946152714
73,13450.727728624666
74,13475.067822516974
75,13371.931790397466
76,13411.344807103698
77,13454.18254790118
78,13486.589608668768
79,13561.063763704835
80,13528.826828246782
81,13230.301317202315
82,13528.621491706326
83,13555.464427580606
84,13520.398017937972
85,13548.152340011173
86,13056.132022782669
87,13569.79639598716
88,13604.195163198214
89,13696.778104779913
90,13891.965269642596
91,13751.532210452759
92,13821.757678333106
93,13767.739232397664
94,13754.682546382834
95,13724.692732712063
96,13913.868320610465
97,13763.997917538247
98,13995.288435624903
99,13567.184449204422
100,13784.633262045423
101,13665.928444207691
102,13741.653717817951
103,13715.931184912723
104,13869.618589613365
105,13567.339075609514
106,13459.21532811701
107,13326.439786858835
108,12968.947500941655
109,13413.567193406176
110,12935.330538030465
111,12895.266868379014
112,11877.000889075533
113,11965.956093626746
114,12603.205528790733
115,12392.601463883058
116,12387.524917152356
117,12321.360582406513
118,12624.404430502995
119,12285.948022033253
120,12252.256727867021
121,12686.418070916363
122,11989.31317481792
123,12695.696257526393
124,12535.162700125524
125,12552.417015378138
126,12283.283523520107
127,12329.356488022411
128,12419.518485345516
129,12252.452193634184
130,12281.865459527478
131,12642.869297285677
132,12003.857342416917
133,12196.651594943638
134,12347.268467696174
135,12457.398150461146
136,12174.746269389576
137,12448.071633262314
138,12778.589891113463
139,12482.022492018272
140,12739.772759878953
141,12180.124250763909
142,12431.8517697619
143,12482.080976633772
144,12554.398481377882
145,13109.23069681588
146,12678.675813796468
147,12674.008715796368
148,12699.682266597843
149,12778.115189845776
150,12639.606558934693
151,12348.54524302511
152,12592.406730127383
153,12551.576065483854
154,12982.501981570369
155,13053.898926921083
156,12994.90224375604
157,12953.645769716091
158,13164.483358405463
159,12953.440508844478
160,12667.956428718728
161,12380.754008896534
162,12759.951592161633
163,12296.821097591952
164,12319.339743650127
165,12541.157638731107
166,12759.796287186107
167,13294.163555228302
168,13223.868852052678
169,12462.412723801506
170,12017.245111778566
171,12300.953522349248
172,13193.327328974605
173,13359.968131328118
174,13276.352959942482
175,13440.200301979454
176,13510.893897309204
177,13463.663696476759
178,13231.070072464192
179,12567.80272969791
180,13541.786523276272
181,13544.971951554518
182,13643.072461159863
183,13543.572899618193
184,13603.635073401063
185,13804.53600271635
186,12252.550288351276
187,12524.384186573972
188,14010.581374397054
189,12893.964531092875
190,12537.652587517068
191,12435.729042096573
192,12184.052906379366
193,12229.913811291246
194,12442.29730208718
195,12018.856818422579
196,12138.745774819141
197,12156.512700670208
198,12490.332710676685
199,12134.7733829766
200,12002.602354543518
201,11823.117256253763
202,12466.681081738856
203,12098.996909382904
204,11892.949403698489
205,11845.665746155937
206,11767.506189040794
207,12111.724944197662
208,12862.585751374538
209,12505.72761030586
210,12430.552573611747
211,12173.055710331788
212,11452.874201593871
213,11488.643374907193
214,11563.351651509514
215,11564.398310145847
216,11656.313249284322
217,11880.628534818028
218,11893.68952910007
219,11584.431506048797
220,11593.60381767762
221,11646.25020930107
222,11512.5477294033
223,11504.186551450666
224,11717.060208650511
225,11768.612682903946
226,11846.392600320542
227,11765.037900233734
228,11630.335091652216
229,11641.697518067589
230,11640.960048356379
231,11749.194863863604
232,11872.405734108266
233,11951.965896034535
234,11834.907933172859
235,11942.866457536173
236,12100.447439480518
237,11859.680712769788
238,12547.196196139008
239,12309.548693058738
240,12192.698915591134
241,12238.735478269313
242,11803.442566656295
243,11812.74360980534
244,11919.54157702415
245,12060.653441750967
246,11809.928103571738
247,11794.614006162303
248,11815.638196633472
249,12439.793450461375
250,12592.441832426033
251,11707.326681087216
252,12360.347520109324
253,11747.255124109903
254,11931.85989763266
255,11729.299038553532
256,11753.736982794337
257,11779.757184575037
258,12316.587103539252
259,12406.424716348169
260,12363.772492459011
261,12243.836392401252
262,12013.625586649197
263,12440.50647141174
264,12192.767637875007
265,12032.751016043321
266,11871.346510811967
267,12110.498155247858
268,12426.524775110043
269,12264.231682805661
270,12200.159173186892
271,12289.492096531802
272,12634.369684296362
273,12475.372093501202
274,12320.909588288721
275,12348.700657499447
276,12308.466397138705
277,12148.510610198513
278,12070.754744229085
279,12115.311237766284
280,12335.001529740292
281,12314.850294507678
282,12162.263080696594
283,12052.939865575829
284,12366.814412201866
285,12495.66840668728
286,12623.164093909289
287,12893.857989513783
288,12185.176218075609
289,12011.90964133529
290,12428.729890324259
291,11970.294515743788
292,12624.26483210874
293,12626.841109752559
294,12682.004920299007
295,13474.85961315958
296,13648.75059010729
297,13365.390348366525
298,12701.824926873514
299,12865.088723648132
300,11593.879854354265
301,13075.688201570156
302,11655.314163345756
303,12951.656814497182
304,12849.633285789725
305,11689.010960877911
306,11977.375476430541
307,11815.486028088753
308,11467.818491434293
309,11677.588498745055
310,13915.311021077618
311,11589.72088601902
312,11575.560218124821
313,11547.55823033945
314,11603.765370234953
315,13872.5826641972
316,12073.358722228939
317,13737.32058378951
318,14489.678983793032
319,14690.580101709138
320,14564.444822818996
321,14102.196469061302
322,14434.180603331273
323,15182.951045303656
324,15034.281139663513
325,14757.01093386738
326,15460.025486080413
327,15584.890886240875
328,15835.062354801992
329,14659.867649530464
330,15767.668397186093
331,15730.406265990801
332,16082.774751018043
333,14342.255199270247
334,15929.751052434947
335,16240.438813612265
336,16380.690430554614
337,16527.509994718937
338,16031.692458069512
339,16193.659712336055
340,16423.20841554623
341,16374.761647091736
342,16024.569063867062
343,16096.056281588757
344,16203.91640868295
345,15964.104766138382
346,15822.198702399057
347,14449.769935352097
348,15345.044241108331
349,15230.97505124065
350,15327.90257452431
351,14578.33391943068
352,14608.767015346817
353,13949.108402684353
354,14094.9013752457
355,14221.570349802952
356,14455.036302008575
357,14565.363729087627
358,14502.728334888145
359,13391.028095122938
360,12821.49954391518
361,13825.781107902243
362,13231.86277673732
363,13410.5202921138
364,13392.351500418945
365,13013.361683202695
366,13301.01494722913
367,12407.209806778563
368,12837.168860094276
369,12734.141500971675
370,11802.007761255238
371,11797.102108577994
372,12413.002102839706
373,13269.949502622601
374,13594.19096108852
375,11673.956345639515
376,12830.219966305487
377,13052.075284126438
378,12889.259813300088
379,12848.337572094624
380,13533.583062221283
381,12564.827272643592
382,12435.507324832992
383,12086.347643492545
384,13393.183359602474
385,12431.100222129298
386,12048.922075648245
387,12123.743822250972
388,12257.794666372698
389,13845.658437514296
390,13849.10251107435
391,13637.988543264806
392,12855.610795207605
393,12879.732086290996
394,12834.539937697622
395,13065.01345378559
396,13535.121585336865
397,13473.433287476424
398,13564.336288928615
399,13204.094789642353
400,13375.112232281383
401,13946.442991445812
402,13686.88272789502
403,14205.377366961562
404,14094.974925158087
405,14832.899464202637
406,14800.438208904648
407,14843.950963330004
408,15172.003773585202
409,15497.440830303129
410,15675.481886590049
411,14405.202084749324
412,13945.70709889575
413,14037.031233858825
414,13353.642507426248
415,13629.032867675172
416,13886.40735891861
417,13614.297851751264
418,14143.87105517119
419,14189.593687332765
420,13886.976517708223
421,13898.809102098578
422,13895.599637310732
423,13830.99379690406
424,14485.225791968809
425,14179.824566456824
426,14222.820835525172
427,14470.198365173032
428,14371.944209676472
429,14459.457480421172
430,14288.737165386676
431,14648.841704718163
432,14603.69034298853
433,14404.060099048484
434,14418.57968714185
435,14641.939282026267
436,14960.794126609508
437,15092.551908919499
438,14575.12485905981
439,14543.426619004487
440,14420.056914206503
441,14591.860320506781
442,14318.276744063825
443,14673.224793684374
444,14775.496129151841
445,14836.022662165104
446,14633.988681003611
447,14859.608236841605
448,14740.126030546373
449,14777.922516383198
450,14666.93120296173
451,14554.444864321042
452,14940.221269408063
453,14988.462285329653
454,14918.995470595446
455,15088.582050732984
456,15226.522102205554
457,15109.017761967549
458,14925.032865435525
459,15231.851540226562
460,15082.541255792808
461,15281.57746373058
462,15236.160620486558
463,15365.433885394159
464,15432.660286243055
465,15226.588307775053
466,15078.142710356222
467,15232.024002358645
468,15118.432537259501
469,14829.27039473746
470,14755.383037719352
471,14659.941535694517
472,14447.72706427724
473,14275.896522303896
474,14499.315523482943
475,14293.782141724741
476,14505.936211714055
477,11982.236367558711
478,12089.377073603546
479,12092.852172989822
480,14335.46832033136
481,14113.728876200696
482,14152.338957920954
483,11817.846419283558
484,11722.4791582732
485,11798.038629120809
486,12035.529019823654
487,12087.308568315113
488,12849.080231731668
489,12922.982042199408
490,13056.655646547899
491,13248.661274537475
492,13125.799026365063
493,13128.869650878269
494,13209.85540492864
495,13102.16937296415
496,13104.567634208292
497,13055.967720691113
498,13192.15371338424
499,13226.662535059002
500,11894.462258418915
501,11962.404288011157
502,12043.030157012123
503,13138.490017292857
504,13227.637177790866
505,13289.293711954293
506,13452.644620779758
507,12384.949464683246
508,13099.225104394696
509,12866.737578244234
510,12879.834042432662
511,13164.250347066854
512,13065.260920666069
513,12822.919286868439
514,12683.485722929401
515,12919.859406941274
516,13250.564808038373
517,12918.169075921462
518,13252.290588995444
519,13211.90855054294
520,13093.25177534298
521,12996.794525908404
522,13142.201884018466
523,12583.967789782946
524,12730.071147370232
525,12591.00159240752
526,12530.275466675788
527,12411.68616663348
528,11910.229252124711
529,11448.889606374873
530,11685.856032652111
531,12210.479371413214
532,12611.229299740346
533,11883.484405515628
534,11383.583828429439
535,11230.823974108936
536,11188.711267453918
537,10736.89006605135
538,10737.444524097064
539,10966.2961875784
540,10744.908347588731
541,10569.16151620035
542,10325.542366892156
543,10191.40253468308
544,9960.400642112108
545,9923.112292203426
546,13752.360616235159
547,13785.22547033983
548,13910.637126322084
549,11292.049191275553
550,13487.465609696677
551,13725.753020743472
552,14637.423972100889
553,11346.045597034208
554,13910.66150026091
555,10723.33259436106
556,12276.22873815334
557,14026.257014833925
558,13723.77029985374
559,13588.27605721832
560,13695.079283710395
561,13588.923959566737
562,12921.10599124667
563,13337.189010753873
564,13001.413241748767
565,13162.6421918895
566,13360.851951377314
567,12948.54208065973
568,13373.24417671029
569,13551.620693485316
570,13480.725254533461
571,13660.107300461137
572,13315.797442597684
573,13791.98591170916
574,13703.55972906927
575,13313.150321536637
576,14447.96451296767
577,13331.015378060461
578,13100.035785183172
579,13608.767433822497
580,13362.092870167808
581,13181.651363284021
582,12991.765106551038
583,13380.666388501297
584,12953.16474838285
585,13194.989708586203
586,13014.244978668361
587,12784.424792148575
588,13131.11417321095
589,13184.004665893686
590,14023.70099672682
591,14119.395151668246
592,13808.089284962867
593,13258.46601550902
594,12712.986001518866
595,14053.945389502342
596,12977.175970703032
597,12710.658487883833
598,12299.133512397264
599,11763.351797850668
600,13664.907522890804
601,12737.991506158074
602,12893.53422020161
603,12834.227668806627
604,12740.356239047565
605,12237.961477133329
606,12124.122048889976
607,12828.763088698857
608,12897.782303170718
609,12863.758687117774
610,12779.366538853737
611,12642.844599670236
612,12275.075765471523
613,13208.470819053739
614,11961.4988838993
615,12490.164701193717
616,12608.803398079079
617,12226.41949667014
618,13451.031996919324
619,12198.040503886436
620,12192.70200688014
621,13325.653329711153
622,13284.569460702744
623,11808.031522864423
624,11997.043274731497
625,12031.706834930443
626,11928.067688182218
627,13451.370414360665
628,13810.107246184261
629,13607.187121157896
630,13969.141160959605
631,13755.822025144887
632,13728.030778028304
633,13572.576536700537
634,13417.474341309138
635,11822.917832769921
636,12965.035502256947
637,11493.686825726914
638,13704.569789098483
639,13827.118933832582
640,13861.05552658673
641,13848.353677075595
642,13778.108662611332
643,13586.372979542168
644,14119.403362221461
645,14011.496873177644
646,13875.56975196816
647,13912.559071319156
648,11597.168186233846
649,13879.461499650282
650,13313.200471844086
651,13338.818620664757
652,13824.800364505227
653,13250.599951545439
654,14046.88884779148
655,12680.534027833031
656,12519.422295681134
657,12714.662698983006
658,12700.591094038697
659,13182.632313020194
660,12715.083168572486
661,13534.285256991681
662,13342.703663320852
663,13178.969847443961
664,13011.05636805109
665,14298.35011042536
666,13684.441905614478
667,14603.647675366541
668,14642.400208794412
669,14376.345338997313
670,13286.8379163554
671,13462.005139649502
672,13445.849724180169
673,13174.06115316157
674,13227.973659203959
675,13990.795383527135
676,13220.859533243725
677,13133.170814205158
678,13319.887306404371
679,13681.179041773754
680,13370.127830708847
681,13321.945057996023
682,13328.582671783986
683,13135.76057865032
684,13623.449637533196
685,13817.345596428753
686,14974.586522493062
687,14055.227290146058
688,14334.926294049614
689,14349.984234658848
690,15036.640772847382
691,14203.146776165117
692,14277.693390782899
693,14724.691359882958
694,14700.492496037894
695,15327.505042737213
696,14583.274321757288
697,15353.904018386229
698,14845.363994469859
699,14817.519526873386
700,14883.865266501813
701,14859.67590418549
702,15098.953669673123
703,15543.001516152994
704,15501.396038405348
705,15209.145482484486
706,15272.78926323418
707,14822.061389946672
708,15642.511450605663
709,15520.877187558523
710,15540.275468525344
711,15585.86682848433
712,16203.636286922469
713,15745.264863891169
714,16033.657120899617
715,16193.600979606048
716,16357.137531271486
717,16194.81286073848
718,16184.436787241828
719,16697.19407048682
720,16107.60718629839
721,16311.809175799974
722,16428.339147655937
723,16152.23979222512
724,15751.685282654373
725,15693.47573997883
726,15751.09668284255
727,15725.887182969775
728,14962.210963856647
729,15191.147802225752
730,15138.40007389972
731,16330.974321273809
732,14828.705325624931
733,14564.028634075054
734,14373.800281393833
735,15064.10508361874
736,14506.438248007145
737,14635.438533143677
738,15047.51165133503
739,14681.014517987049
740,14744.337121860737
741,14176.671255543655
742,14150.955635857452
743,14273.73925097912
744,13959.12193629454
745,13726.321645740922
746,13282.56375765417
747,12762.465771014167
748,13057.82466548785
749,12968.27098802702
750,12648.912274817227
751,14820.69873115849
752,12463.44014719409
753,12726.273540585582
754,12582.816647054697
755,12171.287971489495
756,12086.969453103686
757,11976.36446154847
758,11780.162229128335
759,11652.53384385493
760,11591.657251640107
761,11786.107666471213
762,11878.522084994396
763,11625.167625713319
764,11618.362060863727
765,11370.371337091543
766,11685.489481304603
767,11733.384600278481
768,11806.429881661286
769,11733.18392220198
770,13090.20397137085
771,13002.152312906981
772,12077.823783963835
773,13380.956559122302
774,13567.355606603644
775,13479.690615695914
776,12632.602605283342
777,12162.731087889244
778,13343.61129868468
779,13599.738660862435
780,13951.416039043
781,13970.98922043192
782,13644.953601783283
783,13822.892451977299
784,13679.433681864033
785,13163.264730694136
786,13037.12069748453
787,13326.427765392767
788,13321.363715155925
789,13148.415338675231
790,13149.506818444523
791,13018.91411211657
792,13372.587023515396
793,13310.888281380076
794,13462.213585469466
795,13355.668512878543
796,13434.416724638484
797,13251.95467539892
798,12956.22575910705
799,12600.321026679645
800,12129.633963170341
801,12103.81260626523
802,15317.549031567238
803,12889.133644049882
804,13617.642004244255
805,13807.958763591376
806,14530.10170109703
807,14582.0555892406
808,14209.199291777864
809,14187.937916465098
810,14386.37719968559
811,14182.764628564842
812,14056.069487768642
813,13592.65623798374
814,14647.91113021518
815,13655.476841938615
816,13382.57797945138
817,13282.7005421539
818,13368.222473731379
819,13165.544627263418
820,13513.475802093906
821,12959.25332008605
822,13219.850008392237
823,13319.083059472017
824,13406.552722209051
825,13724.830850156923
826,13258.811334926631
827,12953.264768301704
828,13109.227927844035
829,12930.072411758478
830,12833.442056747997
831,12800.186215268683
832,13212.648719886514
833,13191.417301561243
834,13235.597866176926
835,13141.542759319424
836,12712.589910479008
837,12866.846265933626
838,12848.596332941239
839,12825.326568125094
840,12626.501627396761
841,12263.13157067466
842,12087.25938631425
843,12713.090604938901
844,12584.788500185825
845,12207.230216468513
846,12359.963557419094
847,12386.719643186016
848,12504.211505646706
849,12490.205937199898
850,12697.028477944063
851,12150.872636356042
852,12906.16189935012
853,12764.77209382919
854,12434.975485144754
855,12302.804986921736
856,12235.806840329222
857,12443.408446317213
858,12475.600263295362
859,12648.618922068823
860,13067.832943209605
861,12763.068504571102
862,12729.698796969482
863,12395.567321843086
864,12510.281151919911
865,12210.76087273853
866,12734.290856232454
867,12489.070863770186
868,12243.070486438575
869,12568.375910195724
870,12676.377029280313
871,12362.73416484566
872,12474.543139379522
873,12416.399285381814
874,12962.75162268304
875,12264.067680219565
876,12061.098154229812
877,13364.855249192571
878,13353.205142488185
879,12474.94903158449
880,12742.745846537038
881,12616.388615203494
882,13068.91155649695
883,12819.714586524999
884,12757.30814061522
885,12336.34983385993
886,13151.354927474438
887,12461.244011422132
888,12730.05157687231
889,12948.68763025907
890,12625.207143234906
891,12836.36357056133
892,12692.41967999404
893,12788.36557252047
894,12682.835505262827
895,13323.356650078305
896,13642.992940610136
897,12466.278016065738
898,13431.345870124227
899,12747.012331706514
900,13629.692342838885
901,13104.246708211584
902,13123.155213692222
903,13335.029655191045
904,12826.472954128029
905,13804.200717328342
906,13187.326785158872
907,13309.748594421832
908,13546.268684209306
909,13845.25693824533
910,13446.270641897647
911,13570.055523866127
912,13702.21380914807
913,13897.502674064412
914,13785.001117653432
915,14063.87642917615
916,13921.019225217298
917,14394.045651820283
918,14414.661082844417
919,14837.511282625479
920,14113.740985557246
921,14712.53779038003
922,14029.985815223275
923,14811.374715437663
924,14306.79166473574
925,14144.591871733039
926,14279.484060639175
927,14471.857388376964
928,14567.54396897112
929,14615.943107296589
930,14160.826517355628
931,14537.112789219243
932,14677.73980826588
933,14751.276562023219
934,14856.409948249042
935,14606.50170621905
936,14741.873186901006
937,14598.927254699442
938,14499.759491264018
939,14418.794019733386
940,14181.588028449436
941,14845.183121071534
942,15085.279411150765
943,14933.863201990838
944,14799.710672401425
945,14723.596516327027
946,15065.222299695553
947,14796.923551640586
948,14794.197673545024
949,14772.058128955305
950,14715.746779602634
951,14791.938311017304
952,14835.630408444085
953,14568.529607467413
954,14491.095721629386
955,14561.930977861442
956,14415.971477838288
957,14327.815898260333
958,14565.86948708653
959,14621.243034759827
960,14487.143385826233
961,14694.816321773471
962,14651.813838281028
963,14484.6796759623
964,14686.49373790959
965,14654.589478173237
966,14700.397089221748
967,14748.150761010775
968,14834.141714026082
969,14960.6756102751
970,14999.79989275592
971,14826.609603967983
972,14990.664985152149
973,14693.270898092711
974,15136.404567957738
975,14689.421758773531
976,14061.671816749045
977,14162.579860747532
978,14172.493433082824
979,14727.057618809393
980,14394.998113275771
981,14388.28895613805
982,13556.596342882733
983,14149.028877638326
984,14268.739092176871
985,14039.678828185171
986,13866.107141821669
987,13923.779688124241
988,13988.536742610246
989,13536.124750515133
990,14024.236767029422
991,14144.408819349881
992,13960.792303231769
993,13933.489932591678
994,13991.494639728295
995,13646.413147367442
996,12568.606869115314
997,13249.473268871101
998,12706.66048752983
999,13221.923650229812
1000,14031.449385633143
1001,12912.61394949398
1002,12977.903582206909
1003,12899.900991885943
1004,13100.953063474064
1005,13098.624549103886
1006,14490.457900817484
1007,13235.964384187879
1008,13269.29030786492
1009,13468.094388496827
1010,13162.414215688328
1011,13365.612984408723
1012,13273.000364826637
1013,13291.390452654328
1014,12983.716128175827
1015,13287.403020200923
1016,13102.763782336453
1017,13053.65387556859
1018,13341.441550651032
1019,13541.997038302823
1020,13562.93376177253
1021,13915.73538550493
1022,14464.833908056778
1023,13513.732016623992
1024,13795.444408647036
1025,14019.097325977036
1026,14303.793961013054
1027,14403.008774010528
1028,14091.247222156442
1029,14286.911246815345
1030,13523.170115444931
1031,13974.336451643117
1032,13552.253586641813
1033,13398.776595337975
1034,13537.12349743557
1035,13715.901251389274
1036,13975.963163322951
1037,13525.938382216948
1038,13749.462952389074
1039,14134.276913024389
1040,14396.124309010327
1041,13871.361223048172
1042,13834.814741719036
1043,14598.300464022099
1044,14041.158812848367
1045,14074.759674813218
1046,13995.00443101188
1047,14768.453714389405
1048,13802.205348730893
1049,14588.833717980413
1050,14936.392692768699
1051,14698.930092354149
1052,14782.027894837483
1053,14965.007018866876
1054,15182.220111064933
1055,15485.423310459564
1056,15362.533486497116
1057,15250.851942193602
1058,15371.90112027918
1059,13694.116208109925
1060,15364.754870363782
1061,13376.230892112908
1062,15248.246292004023
1063,15739.674050274409
1064,15751.454453497628
1065,15868.88082575355
1066,15092.239263851297
1067,16166.893400547026
1068,15949.753321043221
1069,16225.660244123039
1070,16050.21887247756
1071,16315.513858677159
1072,16660.124226641747
1073,16817.72553750678
1074,16656.3689605513
1075,16899.248961767917
1076,16379.254520956267
1077,16329.956333335522
1078,15332.202926635739
1079,15524.440090005006
1080,15931.07556436708
1081,15442.164018154206
1082,16111.664477694998
1083,16385.885167127635
1084,16609.85025013547
1085,15359.394756111084
1086,16782.766496363056
1087,16740.126369699214
1088,16625.286784751774
1089,16676.325953224423
1090,16468.676614553322
1091,16226.37757988966
1092,16520.981852261386
1093,16443.52151818357
1094,15751.448368702051
1095,14838.071679618002
1096,16050.101314988307
1097,14858.35094748286
1098,16062.730938526798
1099,16127.290324550648
1100,15935.613167977974
1101,15134.808869133449
1102,15647.13785016333
1103,15522.423786068133
1104,13928.582532627706
1105,13757.816699277126
1106,13330.310470538927
1107,13223.681217045827
1108,13320.6153355367
1109,13310.369891674161
1110,13046.448844921551
1111,13097.051694176953
1112,13538.689880163298
1113,13885.20072712659
1114,13649.706996189789
1115,14102.330420719605
1116,13790.78771195211
1117,13300.490573825266
1118,13348.297830543046
1119,14579.568698115545
1120,14149.960548437388
1121,14216.232947466508
1122,13780.148473379313
1123,13780.451217458445
1124,14602.667154317314
1125,14382.549582659633
1126,14944.01227321015
1127,14400.474396724756
1128,14222.79924601331
1129,14059.23039724181
1130,14309.276425642563
1131,14119.220485827866
1132,14005.993107950937
1133,13533.138191318405
1134,13408.880102627032
1135,13700.979960943561
1136,13781.716743741132
1137,13533.66699507949
1138,13351.853928921155
1139,13396.33284162379
1140,13225.8732663222
1141,13151.480014744413
1142,12814.515571869597
1143,12683.677343491649
1144,13011.738414086098
1145,13078.160029373612
1146,12941.138074304858
1147,12865.710251400635
1148,12920.857373394443
1149,12793.969032964511
1150,12773.218219643013
1151,11880.13359017394
1152,12893.700797623622
1153,13055.288466845612
1154,13173.644636936779
1155,12987.876199237724
1156,12930.677001334378
1157,12962.48888652358
1158,13182.925985451258
1159,13060.461589247929
1160,13039.955427264778
1161,12865.538244322388
1162,13306.748168401275
1163,13243.038389146051
1164,13013.156838712768
1165,12815.899660619149
1166,13194.306470365791
1167,13210.916418557306
1168,12712.983774957906
1169,13386.632034868924
1170,12944.009645702801
1171,13427.85418982656
1172,13765.17106205153
1173,13609.673762726457
1174,13521.241934844596
1175,13527.87945711618
1176,13562.593889089936
1177,13623.401924161884
1178,13518.755864504818
1179,13429.89360560173
1180,13167.998825101522
1181,12934.160046791592
1182,13726.802486622386
1183,13517.974404672694
1184,13264.911336836909
1185,12503.47028001338
1186,12907.18850427331
1187,13244.442544510996
1188,13017.568074286284
1189,13681.123852076382
1190,13387.345796317526
1191,13205.759770581228
1192,13030.967074231003
1193,12948.58248357805
1194,12921.984184560712
1195,13443.799120694093
1196,13501.129269573226
1197,13299.697949141397
1198,13404.04303033809
1199,13737.23990863942
1200,13706.679459950155
1201,13519.522857725662
1202,13374.966901249803
1203,13250.249178585726
1204,13479.5116196613
1205,13451.88372425568
1206,13729.587804988852
1207,11147.099902635686
1208,13761.769415053732
1209,13931.113858181947
1210,13755.274593042737
1211,13413.043810870578
1212,13576.61543486709
1213,13855.512996086389
1214,14199.989467755828
1215,14235.869231155139
1216,14183.838187277535
1217,11436.368479615761
1218,14137.174679166072
1219,14086.538974671861
1220,14190.449789312885
1221,13959.061468092243
1222,14065.443380187631
1223,14156.743280492734
1224,14328.392885528716
1225,14255.364333856638
1226,14402.77640576306
1227,11674.542709724054
1228,13211.060806879674
1229,14629.364617627454
1230,14585.59934525073
1231,14323.742199529268
1232,13957.389786126329
1233,14535.590120525087
1234,14237.640290612648
1235,14086.405397999817
1236,13513.69142449298
1237,14769.507185627344
1238,14633.515080694615
1239,14621.073191851889
1240,13738.15758375446
1241,14449.732019585512
1242,13651.589446775444
1243,14566.203747692238
1244,14057.257788374578
1245,9549.462374260502
1246,14947.104365081928
1247,15090.016942910795
1248,14871.649343518207
1249,14791.608703737007
1250,14560.739872980317
1251,14439.994566541314
1252,14212.030540849015
1253,14035.618730309421
1254,13905.305099062842
1255,14034.425711658138
1256,13944.569722840984
1257,13498.263266883068
1258,13197.164160382283
1259,12862.013982065731
1260,12774.122811582207
1261,12908.00876620253
1262,12644.313896923977
1263,9750.96718572876
1264,12453.252735637381
1265,12243.84827453653
1266,12251.580226271197
1267,12081.252213151978
1268,9892.7766110132
1269,11892.671532475077
1270,10459.668515944386
1271,11958.232446108885
1272,11761.234016770804
1273,11831.41506277296
1274,11925.11624257651
1275,11882.42037476844
1276,11681.74696483363
1277,11760.435613422755
1278,11629.766141889035
1279,11658.445612078922
1280,11438.274455401657
1281,11595.746661846326
1282,11649.804523833829
1283,11900.498994091091
1284,11999.402730419815
1285,11430.733765559757
1286,11611.393320930141
1287,11853.129815195429
1288,11744.203317611526
1289,11772.329892399775
1290,11777.947665508203
1291,11999.25301088793
1292,12133.104776814482
1293,12637.440617749646
1294,12298.260118711285
1295,11992.632036432675
1296,12243.932088518502
1297,12032.286147421268
1298,12267.504909289955
1299,12000.251095043537
1300,12160.502744463003
1301,12329.65626348643
1302,12791.553406191704
1303,12650.621808079688
1304,11497.081756005673
1305,12564.716428347116
1306,12637.55533883247
1307,12984.570255850478
1308,12757.926719849207
1309,12904.798113826904
1310,12947.256498279206
1311,13554.30513993473
1312,13487.83702140855
1313,13223.376105487654
1314,13468.061365674646
1315,13693.892126624958
1316,13915.180753604307
1317,13840.819098963839
1318,13783.381353227765
1319,14309.92203858267
1320,14299.08751802434
1321,14614.325447790197
1322,14293.059057781113
1323,14346.391570191283
1324,14427.709734427941
1325,13541.474371137852
1326,14433.441916165075
1327,14457.77045606713
1328,14635.679192545365
1329,14446.776945197584
1330,14544.905694017618
1331,14388.760665461734
1332,13677.824765132276
1333,14412.346471928693
1334,13969.720465098553
1335,14531.486745063443
1336,14473.528971190026
1337,13467.744653943362
1338,14536.408316810172
1339,13526.300895112694
1340,13924.526213191277
1341,13391.342206847461
1342,13105.182118894349
1343,13551.767958920997
1344,13469.608910240018
1345,13534.316037995379
1346,13653.389614096383
1347,13826.842672504352
1348,13922.496673005484
1349,12970.30398424404
1350,13572.759694824103
1351,12761.44544396901
1352,13763.646145190774
1353,13915.383761398858
1354,13603.915100700833
1355,13600.411988377813
1356,13581.919957787819
1357,13585.68216551433
1358,13334.026826097752
1359,13289.220399879101
1360,13003.494894764057
1361,12838.711261314234
1362,13009.765294841582
1363,12848.243284965989
1364,12812.140127411398
1365,12934.825045678184
1366,13112.80913918167
1367,12604.87349793538
1368,12380.04417064779
1369,12268.986803838297
1370,13135.846930354286
1371,13136.138571177864
1372,12946.168150460355
1373,10863.016647027067
1374,12942.226627836953
1375,13105.997580800382
1376,13095.32532422789
1377,13109.2712799889
1378,11378.617800726197
1379,13281.792023835686
1380,13255.597986684787
1381,13431.907083516859
1382,13433.415770402606
1383,13429.902131867102
1384,11479.88303070785
1385,13701.93545011804
1386,13532.487064574338
1387,13376.147039095973
1388,13344.678572720504
1389,13401.268517826635
1390,13416.267781145005
1391,13386.723732484725
1392,13146.802446505379
1393,13127.621405926178
1394,13020.830614700875
1395,13232.760537172664
1396,13393.136170334768
1397,13494.7023508514
1398,13310.542470135248
1399,13178.38818763623
1400,9967.18133911204
1401,10145.31630542566
1402,10215.21779271217
1403,11412.46279147645
1404,13382.063938650108
1405,13209.213120988505
1406,13309.024867925194
1407,13355.359753137114
1408,13665.220442811127
1409,12423.880274248417
1410,13334.08961308459
1411,13367.359737581788
1412,11277.374683125294
1413,13541.943251238763
1414,12346.091502442498
1415,13444.159300819376
1416,13223.462589764693
1417,13738.74280113881
1418,13729.066215926057
1419,13646.127994191407
1420,12376.563739515383
1421,12509.7148328012
1422,13424.101223355472
1423,13648.26305580988
1424,13269.482963124567
1425,13364.438228690804
1426,13450.01933832082
1427,13216.317116897517
1428,13009.65870174559
1429,13182.7430742649
1430,13122.739818106138
1431,13251.087759476444
1432,13405.943859139645
1433,13134.76905589599
1434,13055.257737153086
1435,12699.982257385454
1436,12517.697910698495
1437,13216.42601948685
1438,13162.342948332327
1439,13122.642181601532
1440,12773.398245561846
1441,13131.774362971626
1442,13482.238893029218
1443,13319.073113870172
1444,13424.301996769618
1445,13464.349541184418
1446,13683.047987367949
1447,13422.986521169421
1448,13401.322986754785
1449,13592.856392965576
1450,13763.25095790422
1451,13466.860636763882
1452,13625.053722165876
1453,13755.519765076788
1454,13904.123533590946
1455,13719.886680477997
1456,13540.810880523106
1457,13729.094551444492
1458,13944.756000569274
1459,14050.783926964841
1460,14124.537991930785
1461,13884.555064803073
1462,14033.290190757609
1463,14059.11333343405
1464,14008.270567134567
1465,14186.633249595323
1466,13701.994797085872
1467,13628.167230095954
1468,13887.883325677072
1469,13485.56913454388
1470,13332.730447581274
1471,13489.418334525004
1472,13665.346040238563
1473,13706.269277768306
1474,13577.425127176182
1475,13295.375940567747
1476,13762.123279348647
1477,13424.936214912796
1478,13391.16778297534
1479,13109.90948334148
1480,13122.366823724893
1481,13366.564457323373
1482,13677.384263032867
1483,13588.509632767335
1484,13468.428086823842
1485,13150.336211614811
1486,13331.507391606881
1487,13584.046394441442
1488,13397.90414944277
1489,13256.004185710237
1490,13272.8029802155
1491,13070.211305453413
1492,12741.906931356736
1493,12726.51228092816
1494,12536.673536921584
1495,12801.971067913099
1496,12929.230390865405
1497,13080.579813977985
1498,12802.721064439376
1499,12966.747469979176
1500,12785.182430926558
1501,12906.414560579835
1502,12722.302904429615
1503,12682.384311486228
1504,13168.257881313646
1505,13511.93361323856
1506,13333.40200316769
1507,13157.209652468606
1508,13091.664808789046
1509,13341.81931444428
1510,13107.5740326446
1511,13112.804282586945
1512,12901.089707024283
1513,12954.933220344572
1514,13070.332674690904
1515,13219.868033505141
1516,13002.432427259339
1517,13040.86167506631
1518,13157.73249866527
1519,13837.993806466908
1520,13712.820687875985
1521,13043.389755872002
1522,12938.369065354025
1523,13440.546849999477
1524,12825.923130286388
1525,12841.6605584171
1526,12647.079458542685
1527,12565.68123414455
1528,12428.137632143797
1529,12366.23980282501
1530,12009.582827626926
1531,11744.979837856208
1532,11782.10710612286
1533,11404.73848898646
1534,11614.338952570695
1535,11394.031058476092
1536,12523.972949199773
1537,14135.317365537145
1538,12402.2318152473
1539,12779.591071829786
1540,11894.454272759234
1541,11989.374723432193
1542,12262.725186883543
1543,12239.171994718508
1544,12117.578692913752
1545,12139.457909978106
1546,12707.254174985708
1547,14055.313181203792
1548,13925.411907119395
1549,13074.053078864128
1550,13058.870317525068
1551,13821.099791212899
1552,13696.07816285604
1553,13134.119692406528
1554,13151.3394344836
1555,13628.84052557045
1556,13787.450075604967
1557,13468.16760902731
1558,13736.770681130909
1559,13811.29415886711
1560,13598.018272079133
1561,13478.848000271051
1562,13427.32337412001
1563,13304.098008579862
1564,13272.348970276225
1565,13270.151368830499
1566,13180.127069127358
1567,13416.33911248124
1568,13823.910646466204
1569,14559.354248586002
1570,14871.057434958322
1571,14645.13071087166
1572,14178.102474066713
1573,13970.246814834021
1574,14457.81375350428
1575,14406.705447521592
1576,14377.288660584467
1577,14425.315913433446
1578,14550.012354094853
1579,13815.48297610119
1580,14724.18461626384
1581,14294.062755473025
1582,14146.129562685712
1583,14538.649714584895
1584,14616.227890864591
1585,14996.833798169233
1586,14947.891342455248
1587,14849.995655318056
1588,13918.547605513184
1589,14684.935480054583
1590,14412.638442617215
1591,12719.433194991288
1592,13231.281375362247
1593,14179.561511287844
1594,13071.001467114556
1595,13867.00131449566
1596,13523.94825749755
1597,13760.964646905457
1598,12568.675863934142
1599,12621.271449018246
1600,12913.6934294141
1601,12354.742318672224
1602,11756.58931162958
1603,13364.143301634014
1604,12636.853131721507
1605,13882.398881665104
1606,13857.009874062005
1607,13885.778749047417
1608,13672.419560383816
1609,13839.802378090031
1610,14167.877115376412
1611,13756.544727414373
1612,13742.806028801984
1613,13569.954702013627
1614,13519.002875774237
1615,14071.01507824463
1616,13793.366085246265
1617,14005.56800616506
1618,14074.817744284397
1619,14129.572317805918
1620,13815.13071235258
1621,13612.160883379978
1622,13399.589019450339
1623,13616.629484441592
1624,13406.762089070338
1625,13277.000849368109
1626,12002.52844288126
1627,13345.122251095932
1628,13283.692549340334
1629,13398.123471902287
1630,11174.029294476451
1631,13102.68233019312
1632,13097.61725227113
1633,10828.284134567768
1634,12849.687628060816
1635,12779.173535858821
1636,12895.349012430397
1637,12872.21754272201
1638,12622.089504029092
1639,12694.946097683438
1640,12531.682506396248
1641,12400.356326937032
1642,11177.819651882563
1643,12260.922635535873
1644,12076.71963075818
1645,12019.273951475501
1646,12318.547015541331
1647,12057.016635361317
1648,12537.975602471131
1649,12192.365285767926
1650,11918.9222488396
1651,11977.5132379443
1652,12230.5328991682
1653,11568.364552100227
1654,11692.247223724733
1655,11736.554741498148
1656,12005.224191559993
1657,11797.092872794416
1658,11846.26937970044
1659,11835.93471800014
1660,11829.705610956873
1661,11696.874281387969
1662,11670.559740461607
1663,11626.005204946916
1664,11731.60877332595
1665,11730.787772965035
1666,11593.53410723245
1667,12682.35450286948
1668,11484.570212816032
1669,11612.285701183968
1670,11606.606948247842
1671,11380.855646985307
1672,12498.688741886665
1673,12238.245557338652
1674,12860.524588703729
1675,13064.40563203527
1676,13175.88403269328
1677,13080.949662874471
1678,12531.38556941785
1679,12331.93822460647
1680,12287.269314701254
1681,12098.479305109244
1682,11874.913629244362
1683,11948.238463199075
1684,12239.401567582949
1685,12155.803375001167
1686,12201.824152675754
1687,11972.114946562166
1688,12459.587048551193
1689,12057.486876798801
1690,11839.654451617764
1691,11981.310380056137
1692,12105.710933457796
1693,12390.82705473043
1694,12310.393099333904
1695,12129.623874888688
1696,12589.273057006947
1697,12313.24890739975
1698,11909.117037072032
1699,12335.188720339069
1700,12514.664161341869
1701,12740.649676028801
1702,12805.79167576925
1703,12837.574655718789
1704,12650.460262533785
1705,12945.373266214416
1706,12984.571817017417
1707,12714.962108410427
1708,12822.586071601896
1709,12503.18569229632
1710,12655.51926342711
1711,12903.987276487514
1712,12971.020087016752
1713,12652.115455633939
1714,12758.873246129651
1715,12682.8376249275
1716,12277.786065107408
1717,12729.93734351782
1718,12697.77693804382
1719,12871.446901708177
1720,13202.924582868727
1721,13422.856606524143
1722,13428.371198500932
1723,13317.735479603853
1724,13200.486460971126
1725,13217.798636598334
1726,13296.189133179621
1727,13299.863292512966
1728,13183.589114103524
1729,13418.935112196603
1730,13339.14627531746
1731,12737.604751292916
1732,13262.714821194331
1733,13419.919014068948
1734,13156.955153036246
1735,13185.960095493538
1736,13391.571912868836
1737,13295.160675133151
1738,13156.161191371906
1739,13402.21758643465
1740,13464.923047295079
1741,13632.558247313524
1742,13504.561416082379
1743,13413.02772036017
1744,13230.525640554792
1745,13206.613424078181
1746,13132.22225509103
1747,13153.43445240996
1748,13626.297324102436
1749,13636.857188486585
1750,13764.857141442699
1751,13601.881860829044
1752,13389.009275957502
1753,12962.48148077393
1754,12611.124869746562
1755,12784.466117871967
1756,11187.6528788854
1757,13700.291959140455
1758,13789.426279603715
1759,13877.11731483948
1760,13635.848592358301
1761,13623.831401104133
1762,13537.592729531812
1763,13577.977523462496
1764,13343.882573137938
1765,13526.096046540506
1766,13184.633908186446
1767,13230.750061576045
1768,13210.843427298207
1769,13657.514155532917
1770,13997.276926655433
1771,14162.341424678358
1772,14351.509394769491
1773,14142.613207434128
1774,14256.124526665955
1775,14097.096607433748
1776,14015.568451360927
1777,14060.965646667459
1778,14002.972897372227
1779,13717.603358051902
1780,13546.493275793007
1781,13180.65567721293
1782,13019.267459297222
1783,13134.0745604915
1784,13255.16823712509
1785,13455.477100143356
1786,13666.959563393559
1787,13642.207758047107
1788,13514.572232846935
1789,13289.41051495286
1790,13224.347017847009
1791,13140.30068205887
1792,13193.941385738348
1793,13426.65299450468
1794,13416.04942768103
1795,13376.405024660475
1796,13265.642965007251
1797,13218.779731771716
1798,13294.659314296874
1799,13348.816967629013
1800,13303.184598203938
1801,13283.42323590663
1802,13329.265206950906
1803,13292.759899760931
1804,13329.783922069862
1805,13582.33662164071
1806,13546.16675648209
1807,13649.65192705844
1808,13658.339967661228
1809,13762.077387972326
1810,13594.37166438854
1811,13708.50586043899
1812,13556.475305302607
1813,13485.476206208521
1814,13360.70934474399
1815,13532.633371795771
1816,13469.658314165534
1817,13235.652676015698
1818,13280.331754335499
1819,13134.188620591207
1820,13386.663525253065
1821,13513.56544531146
1822,13207.374232429784
1823,13290.943782312554
1824,13268.922324279029
1825,13485.886916091968
1826,13280.392120743503
1827,13272.513233816631
1828,13489.841621883634
1829,13394.888949279164
1830,13258.796121934814
1831,13232.59833091896
1832,13360.173965202983
1833,13358.08468757074
1834,13414.789895174745
1835,13231.028589104943
1836,13254.06675005003
1837,13286.707791213106
1838,13370.93410855837
1839,13229.418009881163
1840,13268.60979307686
1841,13220.270812141092
1842,13201.499217124692
